大学名,お勧め度,国,都市（英語）,都市（日本語で大枠で）,立地,Mapリンク,設立年度,学部生の人数,留学生割合,日本人学生数,全体倍率,留学生倍率,合格難易度,TOEFL,IELTS,Duolingo,最終出願締切,年間授業料,年間生活費,年間費用,奨学金平均額,奨学金取得難易度,"$30,000以下","$48,000以下","$75,000以下","$110,000以下",専攻リンク,穴場度,全額免除奨学金,授業料免除奨学金,Need,柳井,笹川,エン,東進,グルー,リクルート,Stamps,YAWelcome,最終更新日
Aalto University,★★★★★,フィンランド,Aalto,ヘルシンキ,都会,https://maps.app.goo.gl/fpJ5fpxasyx35XQ27,2010,"12,000",6%,★★★★★,5.55,N/A,★★★★★,92,6.5,N/A,1/23,"€12,000 - 15,000","€14,000 - 18,000","€26,000 - 33,000",N/A,★☆☆☆☆,N/A,N/A,N/A,N/A,https://www.aalto.fi/en/study-at-aalto/bachelors-programmes-in-english,★★☆☆☆,✕,〇,✕,✕,✕,✕,✕,✕,〇,✕,〇,27/05/2025
Adrian College,★★★☆☆,アメリカ,Adrian,ミシガン州,田舎,https://maps.app.goo.gl/97s62g3YTC3pfdFx7,1859,"1,700",6%,★☆☆☆☆,1.47,2.40,★★☆☆☆,85,N/A,N/A,5/1,"$42,000","$15,000","$57,000","$33,000",★★★☆☆,"$15,688","$18,408","$21,327","$24,062",https://www.adrian.edu/academics/undergraduate-programs,★☆☆☆☆,✕,✕,〇,✕,✕,✕,✕,✕,✕,✕,✕,27/05/2025
Agnes Scott College,★★★★★,アメリカ,Atlanta,ジョージア州,大都会,https://maps.app.goo.gl/YnJc8wnqa1BDFq9S9,1889,"1,100",2%,★★☆☆☆,1.61,4.72,★★★★☆,80,6.5,110,3/15,"$53,000","$14,000","$67,000","$36,000",★★★☆☆,N/A,N/A,N/A,N/A,https://www.agnesscott.edu/academics/majors-minors/index.html,★★★☆☆,〇,✕,✕,✕,✕,✕,✕,△,✕,✕,✕,27/05/2025
Ajou University,★★★★★,韓国,Suwon,スウォン,都会,https://maps.app.goo.gl/kr8aBP9aHMZ35jpEA,1973,"9,000",N/A,★★☆☆☆,2.50,N/A,★★☆☆☆,71,6.0,N/A,5/30,"$5,200 - $13,000","$8,000","$13,200 - 21,000",N/A,★☆☆☆☆,N/A,N/A,N/A,N/A,https://www.ajou.ac.kr/en/admission/college-of-engineering.do,★☆☆☆☆,✕,〇,✕,✕,✕,✕,✕,✕,✕,✕,✕,27/05/2025
Alabama A&M University,★★★★☆,アメリカ,Huntsville,アラバマ州,郊外,https://maps.app.goo.gl/ASSxDahNrCztwWVC6,1875,"6,600",1%,★☆☆☆☆,1.47,N/A,★☆☆☆☆,72,6.5,105,4/15,"$36,000","$11,000","$47,000",N/A,★★☆☆☆,N/A,N/A,N/A,N/A,https://www.aamu.edu/academics/undergraduate-studies/index.html?programTypeFilter=all&collegeFilter=all&sortFilter=department,★☆☆☆☆,✕,〇,✕,✕,✕,✕,✕,✕,✕,✕,✕,27/05/2025
Albertus Magnus College,★★★★☆,アメリカ,New Haven,コネチカット州,都会,https://maps.app.goo.gl/roC68ZD8epayeeEP9,1925,"1,100",4%,★☆☆☆☆,1.55,6.06,★★★★★,80,6.0,100,7/29,"$41,000","$16,000","$57,000","$30,000",★★★☆☆,N/A,N/A,N/A,N/A,https://www.albertus.edu/undergraduate-degrees/undergraduate-degree-programs/,★★★☆☆,✕,〇,✕,✕,✕,✕,✕,△,✕,✕,✕,27/05/2025
Allegheny College,★★★★★,アメリカ,Allegheny,ペンシルバニア州,田舎,https://maps.app.goo.gl/KbYbQZNrYwYxVxJM9,1815,"1,400",2%,★★☆☆☆,1.44,2.70,★★☆☆☆,80,6.5,110,2/15,"$55,000","$15,000","$70,000","$43,000",★★★★☆,"$12,227","$14,616","$15,476","$21,833",https://allegheny.edu/academics/majors-minors/,★★☆☆☆,✕,✕,〇,✕,✕,✕,✕,△,✕,✕,✕,27/05/2025
American College Dublin,★★☆☆☆,アイルランド,Dublin,ダブリン,大都会,https://maps.app.goo.gl/iJhvGuESAxa2AS6SA,1993,600,N/A,★☆☆☆☆,1.89,N/A,★☆☆☆☆,60,6.0,105,年中,"€9,500","€15,000","€24,500",N/A,★★☆☆☆,N/A,N/A,N/A,N/A,https://acd.iamu.edu/academics/courses/courses-undergrad/,★★★★☆,✕,〇,✕,✕,✕,✕,✕,✕,✕,✕,✕,27/05/2025
American University,★★★★☆,アメリカ,Washington D.C.,コロンビア特別区,大都会,https://maps.app.goo.gl/baSSotGzVENaQtNq6,1893,"12,300",7%,★★★★☆,1.62,2.38,★★☆☆☆,85,6.5,120,1/15,"$61,000","$20,000","$81,000","$44,000",★★★☆☆,N/A,N/A,N/A,N/A,https://accelerator.american.edu/undergraduate-degrees/,★☆☆☆☆,〇,✕,✕,✕,✕,✕,✕,✕,✕,✕,✕,27/05/2025
American University in Dubai,★★★★★,アラブ首長国連邦,Dubai,ドバイ,大都会,https://maps.app.goo.gl/dVuoqguSKwwhuCQr9,1995,"1,800",60%,★☆☆☆☆,1.43,2.00,★★☆☆☆,79,6.5,N/A,8/23,"$30,000","$21,000","$51,000",N/A,★★★☆☆,N/A,N/A,N/A,N/A,https://www.aud.edu/programs/,★★★☆☆,〇,〇,✕,✕,✕,✕,✕,✕,✕,✕,✕,27/05/2025
American University of Sharjah,★★★★☆,アラブ首長国連邦,Sharjah,シャージャフ,都会,https://maps.app.goo.gl/VGS4WzxLzUa4fjgm9,1997,"5,000",60%,★☆☆☆☆,1.10,1.43,★☆☆☆☆,80,6.5,N/A,7/17,"$12,000","$16,000","$38,000",N/A,★★★☆☆,N/A,N/A,N/A,N/A,https://www.aus.edu/academics/departments-and-programs,★★★☆☆,〇,〇,✕,✕,✕,✕,✕,✕,✕,✕,✕,27/05/2025
Amherst College,★★★★★,アメリカ,Amherst,マサチューセッツ州,田舎,https://maps.app.goo.gl/j2qJsKQnQBQbkkNW9,1821,"1,900",13%,★★☆☆☆,11.10,37.90,★★★★★,N/A,N/A,N/A,1/16,"$71,000","$19,000","$90,000","$83,000",★★★★★,"$7,895","$11,119","$16,409","$21,178",https://www.amherst.edu/academiclife/departments,★☆☆☆☆,✕,✕,〇,〇,〇,✕,✕,△,✕,✕,✕,27/05/2025
Antioch College,★★★☆☆,アメリカ,Yellow Springs,オハイオ州,田舎,https://maps.app.goo.gl/46GpdNp4D2sPHmueA,1852,100,7%,★☆☆☆☆,1.40,N/A,★☆☆☆☆,80,6.5,105,Rolling,"$37,000","$10,000","$47,000","$35,000",★★★☆☆,"$12,000","$12,000","$12,000","$12,000",https://antiochcollege.edu/academics/,★★★☆☆,✕,✕,〇,✕,✕,✕,✕,△,✕,✕,✕,27/05/2025
Aquinas College,★★★★★,アメリカ,Grand Rapids,ミシガン州,田舎,https://maps.app.goo.gl/xRQH51ZFqznjKKRu9,1886,"1,200",5%,★☆☆☆☆,1.10,1.55,★☆☆☆☆,70,6.5,105,Rolling,"$39,000","$12,000","$51,000","$31,000",★★★☆☆,"$11,203","$13,359","$16,329","$17,223",https://www.aquinas.edu/academics/undergraduate.html,★★★☆☆,✕,〇,〇,✕,✕,✕,✕,△,✕,✕,✕,27/05/2025
Arkansas State University,★★★☆☆,アメリカ,Jonesboro,アーカンソー州,田舎,https://maps.app.goo.gl/tbV3rjMndDrcTeow9,1909,"16,700",7%,★★☆☆☆,1.43,N/A,★☆☆☆☆,83,6.5,N/A,Rolling,"$13,000","$11,000","$24,000",N/A,★★☆☆☆,N/A,N/A,N/A,N/A,https://www.astate.edu/info/academics/degrees/,★☆☆☆☆,✕,〇,✕,✕,✕,✕,✕,✕,✕,✕,✕,27/05/2025
Arkansas Tech University,★★★☆☆,アメリカ,Russellville,アーカンソー州,田舎,https://maps.app.goo.gl/VzVSfHwvWQrpNYqV8,1909,"8,700",2%,★☆☆☆☆,1.10,N/A,★☆☆☆☆,61,5.5,N/A,Rolling,"$17,000","$10,000","$27,000",N/A,★★☆☆☆,N/A,N/A,N/A,N/A,https://www.atu.edu/degrees.php,★☆☆☆☆,✕,〇,✕,✕,✕,✕,✕,✕,✕,✕,✕,27/05/2025
Ashland University,★★★☆☆,アメリカ,Ashland,オハイオ州,田舎,https://maps.app.goo.gl/u7RM1b4Z6XdtU7hG8,1878,"5,100",1%,★☆☆☆☆,1.39,1.78,★☆☆☆☆,67,6.0,95,1/6,"$24,000","$13,000","$37,000","$15,000",★★☆☆☆,"$20,158","$20,838","$22,000","$22,527",https://www.ashland.edu/academic-programs,★☆☆☆☆,✕,✕,〇,✕,✕,✕,✕,✕,✕,✕,✕,27/05/2025
Asia University in Taiwan,★★★☆☆,台湾,Taichung City,臺中,郊外,https://maps.app.goo.gl/Wq1jW8aM8fHLEZjcA,1961,"10,000",25%,★☆☆☆☆,1.00,N/A,★☆☆☆☆,42,4.0,N/A,年中,"$3,600","$4,000","$9,000","$12,600",★☆☆☆☆,N/A,N/A,N/A,N/A,https://webs.asia.edu.tw,★☆☆☆☆,✕,〇,✕,✕,✕,✕,✕,✕,✕,✕,✕,27/05/2025
Augustana College,★★★★★,アメリカ,Rock Island,イリノイ州,郊外,https://maps.app.goo.gl/5MwQUoCpGgQJPwRQ9,1860,"2,500",17%,★☆☆☆☆,1.59,2.26,★★☆☆☆,80,6.5,115,7/1,"$52,000","$13,000","$65,000","$37,000",★★★★☆,"$10,202","$14,949","$17,567","$20,075",https://www.augustana.edu/academics/catalog/areas-of-study,★★★★☆,✕,✕,〇,✕,✕,✕,✕,△,✕,✕,✕,27/05/2025
Azusa Pacific University,★★★☆☆,アメリカ,Los Angeles,カリフォルニア州,郊外,https://maps.app.goo.gl/k45GYc4Gdt3MzTJo6,1899,"6,500",4%,★★★★☆,1.27,1.65,★☆☆☆☆,80,6.5,115,6/1,"$44,000","$12,000","$56,000","$25,000",★★☆☆☆,N/A,N/A,N/A,N/A,https://www.apu.edu/financial-aid/types/academic/,★☆☆☆☆,✕,〇,✕,✕,✕,✕,✕,✕,✕,✕,✕,27/05/2025
Babson College,★★★★★,アメリカ,Boston,マサチューセッツ州,郊外,https://maps.app.goo.gl/9wX58qRBABGxZQWy9,1919,"2,800",28%,★★☆☆☆,5.85,8.30,★★★★☆,N/A,N/A,N/A,1/2,"$60,000","$23,000","$83,000","$52,000",★★★★☆,N/A,"$14,369","$21,924","$35,383",https://www.babson.edu/undergraduate/academics/concentrations//,★★☆☆☆,✕,〇,〇,✕,✕,✕,✕,✕,✕,✕,✕,27/05/2025
Bard College,★★★★★,アメリカ,Red Hook,ニューヨーク州,田舎,https://maps.app.goo.gl/sBM9Z9yRqsYPRzuU6,1860,"2,000",15%,★☆☆☆☆,2.12,4.50,★★★★☆,N/A,N/A,N/A,1/1,"$64,000","$20,000","$84,000","$59,000",★★★☆☆,"$13,609","$17,710","$19,816","$26,909",https://www.bard.edu/academics/programs/,★★☆☆☆,✕,✕,〇,✕,✕,✕,✕,△,✕,✕,✕,27/05/2025
Bard College at Simon's Rock,★★★★★,アメリカ,Great Barrington,マサチューセッツ州,田舎,https://maps.app.goo.gl/MjzBNRroSP9aTCCv6,1966,300,17%,★☆☆☆☆,1.04,1.24,★☆☆☆☆,100,7.0,`120,4/1,"$68,000","$19,000","$87,000","$38,000",★★☆☆☆,N/A,"$25,473","$28,068","$39,388",https://simons-rock.edu/early-college/academic-experience/degree-options-ba-and-aa.php,★★★☆☆,✕,✕,〇,✕,✕,✕,✕,△,✕,✕,✕,27/05/2025
Bard College Berlin,★★★☆☆,ドイツ,Berlin,ベルリン,大都会,https://maps.app.goo.gl/cfQ1Mzirdboztua29,1999,110,71%,★☆☆☆☆,2.27,N/A,★★☆☆☆,95,7.0,N/A,5/1,"€26,000","€10,375","€36,375",N/A,★☆☆☆☆,N/A,N/A,N/A,N/A,https://berlin.bard.edu/academics/degree-programs/,★★☆☆☆,〇,〇,✕,✕,✕,✕,✕,✕,✕,✕,✕,27/05/2025
Barnard College,★★★★★,アメリカ,Broadway,ニューヨーク州,大都会,https://maps.app.goo.gl/RtE6JTVPzkBFjwsz5,1889,"3,200",14%,★★☆☆☆,12.56,21.50,★★★★★,105,7.5,135,1/6,"$68,000","$22,000","$90,000","$44,000",★★★★★,N/A,"9,011","$17,279","$24,152",https://barnard.edu/departments-and-programs,★☆☆☆☆,✕,✕,〇,〇,〇,✕,✕,〇,✕,✕,✕,27/05/2025
Barry University,★★★☆☆,アメリカ,Miami,フロリダ州,大都会,https://maps.app.goo.gl/TJ8bEmhNr7hpeHPt5,1940,"3,600",8%,★☆☆☆☆,2.15,6.27,★★★☆☆,61,6.0,85,Rolling,"$34,000","$18,000","$52,000","$26,000",★★★☆☆,N/A,N/A,N/A,N/A,https://www.barry.edu/en/,★☆☆☆☆,〇,✕,✕,✕,✕,✕,✕,✕,✕,〇,✕,28/05/2025
Barton College,★★★☆☆,アメリカ,Wilson,ノースカロライナ州,田舎,https://maps.app.goo.gl/8R3cLN7K5kZacniDA,1902,"1,200",4%,★☆☆☆☆,1.09,N/A,★☆☆☆☆,71,6.0,95,Rolling,"$37,000","$13,000","$50,000","$29,000",★★★★☆,N/A,"$18,835","$20,931","$23,323",https://www.barton.edu/academic-programs/,★☆☆☆☆,✕,✕,〇,✕,✕,✕,✕,△,✕,✕,✕,28/05/2025
Bates College,★★★★★,アメリカ,Lewiston,メイン州,田舎,https://maps.app.goo.gl/2ehMkV91JHfh8h557,1855,"1,800",10%,★★☆☆☆,7.52,33.52,★★★★★,N/A,N/A,N/A,1/10,"$71,000","$20,000","$91,000","$74,000",★★★★☆,"$4,263","$6,296","$8,602","$22,744",https://www.bates.edu/academics/,★★☆☆☆,✕,✕,〇,✕,✕,✕,✕,△,✕,✕,✕,28/05/2025
Bay Path University,★★★★☆,アメリカ,Longmeadow,マサチューセッツ州,田舎,https://maps.app.goo.gl/SdVWs8cvgF7zmaY49,1897,"2,700",1%,★☆☆☆☆,1.32,N/A,★☆☆☆☆,80,6.0,N/A,7/1,"$39,000","$14,000","$53,000","$32,000",★★★☆☆,"$10,194","$10,976","$12,851","$25,076",https://www.baypath.edu/academics/undergraduate-programs/,★★☆☆☆,✕,〇,〇,✕,✕,✕,✕,✕,✕,✕,✕,28/05/2025
Baylor University,★★★★☆,アメリカ,Waco,テキサス州,郊外,https://maps.app.goo.gl/7M9ZzHKqatzz8y2TA,1845,"15,000",3%,★☆☆☆☆,1.95,1.91,★☆☆☆☆,80,6.5,110,2/1,"$64,000","$17,000","$81,000","$29,000",★★☆☆☆,N/A,N/A,N/A,N/A,https://admissions.web.baylor.edu/about-baylor/majors-minors,★☆☆☆☆,〇,〇,✕,✕,✕,✕,✕,✕,✕,✕,✕,28/05/2025
Beijing Language and Culture University,★★★☆☆,中国,Beijing,北京,大都会,https://maps.app.goo.gl/VPYaN7VaEffqpaeMA,1962,"12,000",7%,★☆☆☆☆,3.34,4.20,★★☆☆☆,80,6.5,N/A,4/30,"$5,000","$5,000","$10,000",N/A,★☆☆☆☆,N/A,N/A,N/A,N/A,https://admission.blcu.edu.cn/en/2023/1116/c1589a2617/page.htm,★☆☆☆☆,✕,〇,✕,✕,✕,✕,✕,✕,✕,✕,✕,28/05/2025
Bellarmine University,★★★☆☆,アメリカ,Louisville,ケンタッキー州,大都会,https://maps.app.goo.gl/vnNVkdwH1QZw58R58,1950,"2,200",2%,★☆☆☆☆,1.16,N/A,★☆☆☆☆,80,6.0,105,Rolling,"$49,000","$13,000","$62,000","$24,000",★★☆☆☆,"$18,452","$18,905","$20,870","$25,093",https://www.bellarmine.edu/programs/,★☆☆☆☆,✕,✕,〇,✕,✕,✕,✕,✕,✕,✕,✕,28/05/2025
Beloit College,★★★★☆,アメリカ,Beloit,ウィスコンシン州,田舎,https://maps.app.goo.gl/qmHY7a96dENh63N89,1846,"1,000",14%,★★★☆☆,1.74,4.34,★★☆☆☆,80,6.5,115,4/1,"$61,000","$13,000","$74,000","$45,000",★★★☆☆,"$13,552","$14,101","$15,381","$22,876",https://www.beloit.edu/academics/majors-minors/,★★☆☆☆,✕,✕,〇,✕,✕,✕,✕,△,✕,✕,✕,28/05/2025
Benedictine College,★★★★☆,アメリカ,Atchison,カンザス州,田舎,https://maps.app.goo.gl/x8UkYYrtdsk7EWs2A,1858,"2,500",2%,★★☆☆☆,1.32,N/A,★☆☆☆☆,90,7.0,110,Rolling,"$36,000","$13,000","$49,000","$25,000",★★☆☆☆,N/A,N/A,N/A,N/A,https://www.benedictine.edu/academics/degrees,★★☆☆☆,✕,〇,✕,✕,✕,✕,✕,✕,✕,✕,✕,28/05/2025
Bennington College,★★★★☆,アメリカ,Bennington,バーモント州,田舎,https://maps.app.goo.gl/pzSDuD1n9GVcnB3i7,1932,800,13%,★☆☆☆☆,2.25,12.79,★★★★★,100,7.0,130,4/8,"$68,000","$20,000","$88,000","$63,000",★★★☆☆,N/A,"$16,157","$20,889","$27,157",https://www.bennington.edu/academics/areas-of-study,★★★★★,✕,✕,〇,✕,✕,✕,✕,△,✕,✕,✕,28/05/2025
Berea College,★★★★★,アメリカ,Berea,ケンタッキー州,田舎,https://maps.app.goo.gl/RRaDGNjbncYZL6k49,1855,"1,500",8%,★☆☆☆☆,3.34,34.00,★★★★★,68,6.0,95,12/31,"$49,000","$8,000","$57,000","$51,000",★★★★★,"$2,200","$3,613","$4,627","$7,570",https://www.berea.edu/academics/majors-and-minors,★★★★☆,✕,✕,〇,✕,✕,✕,✕,△,✕,✕,✕,28/05/2025
Berklee College of Music,★★★★★,アメリカ,Boston,マサチューセッツ州,都会,https://maps.app.goo.gl/4CdbMCYbzB4fjR1Y6,1945,"7,600",30%,★☆☆☆☆,2.30,2.20,★☆☆☆☆,72,6.0,110,1/15,"$53,000","$22,000","$75,000","$21,000",★☆☆☆☆,N/A,N/A,N/A,N/A,https://college.berklee.edu/majors,★☆☆☆☆,〇,〇,✕,✕,✕,✕,✕,✕,✕,✕,✕,28/05/2025
Bilkent University,★★★★★,トルコ,Ankara,アンカラ,郊外,https://maps.app.goo.gl/sP8ACrFJRtPmrt2k6,1984,"13,000",6%,★☆☆☆☆,3.34,N/A,★★☆☆☆,87,N/A,N/A,6/1,"$14,500","$17,000","$31,500",N/A,★★☆☆☆,N/A,N/A,N/A,N/A,https://w3.bilkent.edu.tr/international/undergraduate-programs/,★★☆☆☆,〇,〇,✕,✕,✕,✕,✕,✕,✕,✕,✕,28/05/2025
Boise State University,★★★☆☆,アメリカ,Boise,アイダホ,都会,https://maps.app.goo.gl/R6zb7tSwoYPUMJZ9A,1932,"23,000",1%,★☆☆☆☆,1.19,N/A,★☆☆☆☆,68,6.0,N/A,Rolling,"$25,000","$17,000","$42,000","$7,000",★★☆☆☆,N/A,N/A,N/A,N/A,https://majors.boisestate.edu/,★☆☆☆☆,✕,〇,✕,✕,✕,✕,✕,✕,✕,✕,✕,28/05/2025
Boston University,★★★★☆,アメリカ,Boston,マサチューセッツ州,都会,https://maps.app.goo.gl/YpQKZ5upxjQQnyaYA,1839,"18,800",21%,★★★★★,9.01,15.88,★★★★★,90,7.0,125,1/6,"$67,000","$20,000","$87,000","$46,000",★☆☆☆☆,N/A,N/A,N/A,N/A,https://www.bu.edu/admissions/why-bu/academics/majors/,★☆☆☆☆,✕,〇,✕,✕,✕,〇,✕,✕,△,✕,✕,28/05/2025
Bowdoin College,★★★★★,アメリカ,Brunstwick,メイン州,田舎,https://maps.app.goo.gl/DBNLnMMrtLJLrUrh9,1794,"1,881",7%,★☆☆☆☆,14.02,69.44,★★★★★,N/A,N/A,N/A,1/6,"$68,000","$19,000","$87,000","$79,000",★★★★★,"$2,706","$3,464","$6,764","$19,525",https://www.bowdoin.edu/ir/data/currentmajorsminors.html,★☆☆☆☆,✕,✕,〇,〇,〇,✕,✕,△,✕,✕,✕,28/05/2025
Boyce College,★★☆☆☆,アメリカ,Louisville,ケンタッキー州,都会,https://maps.app.goo.gl/6BmgyvwNE4C8hy9PA,1998,"1,100",1%,★☆☆☆☆,1.15,N/A,★☆☆☆☆,80,6.0,N/A,1/1,"$10,000","$7,000","$17,000",N/A,★★★☆☆,"$2,500","$5,000","$8,800","$14,000",https://boycecollege.com/academics/,★★★★★,✕,✕,〇,✕,✕,✕,✕,△,✕,✕,✕,28/05/2025
Brandeis University,★★★★★,アメリカ,Waltham,マサチューセッツ州,郊外,https://maps.app.goo.gl/yEFBBiQ873qBBr5w5,1948,"3,600",21%,★☆☆☆☆,2.47,4.99,★★☆☆☆,N/A,N/A,N/A,1/2,"$70,000","$20,000","$90,000","$57,000",★★★☆☆,"$12,366","$15,077","$17,974","$26,231",https://www.brandeis.edu/admissions/academics/majors-minors.html,★★★☆☆,✕,✕,〇,✕,✕,✕,✕,✕,✕,✕,✕,28/05/2025
Briar Cliff University,★★★☆☆,アメリカ,Sioux City,アイオワ州,郊外,https://maps.app.goo.gl/fzeQ7PET6DRNwUwbA,1930,"1,000",6%,★☆☆☆☆,1.67,N/A,★☆☆☆☆,70,5.5,95,Rolling,"$36,000","$11,000","$47,000","$27,000",★★★☆☆,N/A,N/A,N/A,N/A,https://www.briarcliff.edu/current-chargers/academics/undergraduate-programs,★☆☆☆☆,✕,〇,✕,✕,✕,✕,✕,✕,✕,✕,✕,28/05/2025
Brigham Young University,★★★☆☆,アメリカ,Provo,ユタ州,郊外,https://maps.app.goo.gl/hYQ5phpGhdLfqfwM9,1875,"32,300",3%,★★★★★,1.48,1.70,★☆☆☆☆,80,6.5,N/A,12/15,"$14,000","$11,000","$25,000","$7,000",★★★★☆,"$9,531","$10,224","$12,374","$16,389",https://universityadvisement.byu.edu/byu-majors,★☆☆☆☆,✕,✕,〇,✕,✕,✕,✕,✕,✕,✕,✕,28/05/2025
Brown University,★★★★★,アメリカ,Providence,ロードアイランド州,都会,https://maps.app.goo.gl/H8E8uEXKRJPyXnsv8,1764,"8,000",12%,★★☆☆☆,18.54,22.99,★★★★★,105,8.0,135,1/3,"$72,000","$19,000","$91,000","$83,000",★★★★★,N/A,"$2,273","$7,757","$19,526",https://www.brown.edu/undergraduate-programs,★☆☆☆☆,✕,✕,〇,〇,〇,〇,✕,✕,✕,✕,✕,28/05/2025
Bryn Mawr College,★★★★★,アメリカ,Bryn Mawr,ペンシルバニア州,郊外,https://maps.app.goo.gl/rR9Zbia8xDXUW7Mu5,1885,"1,400",13%,★★☆☆☆,3.40,10.71,★★★★★,100,7.0,130,1/15,"$68,000","$21,000","$89,000","$73,000",★★★★★,"$3,323","$4,557","$12,873","$25,044",https://www.brynmawr.edu/academics/majors-minors-concentrations,★☆☆☆☆,✕,✕,〇,✕,✕,✕,✕,〇,✕,✕,✕,28/05/2025
Bucknell University,★★★☆☆,アメリカ,Lewisburg,ペンシルバニア州,田舎,https://maps.app.goo.gl/VBEpt37ekD6Fj3WA7,1846,"4,000",5%,★☆☆☆☆,3.46,19.88,★★★★★,100,7.0,130,1/15,"$70,000","$18,000","$88,000","$53,000",★★☆☆☆,N/A,"$19,554","$20,932","$36,128",https://www.bucknell.edu/academics/majors-minors,★☆☆☆☆,✕,〇,〇,✕,✕,✕,✕,△,✕,✕,✕,28/05/2025
California Institute of Technology,★★★★★,アメリカ,Pasadena,カリフォルニア州,郊外,https://maps.app.goo.gl/8rTVLfpveVMfvbna7,1891,"1,000",12%,★☆☆☆☆,38.90,75.00,★★★★★,100,7.0,130,1/3,"$66,000","$22,000","$88,000","$83,000",★★★★★,N/A,"$1,023","$7,003","$22,073",https://www.admissions.caltech.edu/why-caltech/academics/majors-minors,★☆☆☆☆,✕,✕,〇,〇,〇,〇,〇,✕,△,✕,✕,28/05/2025
California Lutheran University,★★★☆☆,アメリカ,Thousand Oaks,カリフォルニア州,田舎,https://maps.app.goo.gl/xDUo8Cnzov4XwN2j8,1959,"2,300",4%,★☆☆☆☆,1.33,2.08,★☆☆☆☆,88,6.5,120,1/15,"$54,000","$19,000","$73,000","$37,000",★★☆☆☆,"$17,414","$18,518","$23,759","$27,900",https://www.callutheran.edu/academics/majors/,★☆☆☆☆,✕,✕,〇,✕,✕,✕,✕,✕,✕,✕,✕,28/05/2025
Cameron University,★★★☆☆,アメリカ,Lawton,オクラホマ州,田舎,https://maps.app.goo.gl/myMRp483Eonpbwxo8,1908,"3,300",2%,★☆☆☆☆,1.00,1.00,★☆☆☆☆,61,5.5,N/A,Rolling,"$15,000","$10,000","$25,000","$16,000",★★★☆☆,N/A,N/A,N/A,N/A,https://www.cameron.edu/academics/degrees-majors,★★★☆☆,✕,〇,✕,✕,✕,✕,✕,✕,✕,✕,✕,28/05/2025
Campbellsville University,★★★☆☆,アメリカ,Campbellsville,ケンタッキー州,田舎,https://maps.app.goo.gl/kj3KwQsXQmWMKx4k8,1906,"6,900",5%,★☆☆☆☆,1.02,N/A,★☆☆☆☆,N/A,N/A,N/A,Rolling,"$28,000","$11,000","$39,000","$27,000",★★☆☆☆,N/A,N/A,N/A,N/A,https://www.campbellsville.edu/academics/academic-affairs/academic-programs.html,★★☆☆☆,✕,〇,✕,✕,✕,✕,✕,✕,✕,✕,✕,28/05/2025
Capital University,★★★☆☆,アメリカ,Bexley,オハイオ州,都会,https://maps.app.goo.gl/rua8vYYxgoAYLxPDA,1830,"2,000",2%,★☆☆☆☆,1.39,N/A,★☆☆☆☆,71,6.0,N/A,Rolling,"$43,000","$15,000","$58,000","$27,000",★★☆☆☆,N/A,"$19,680","$22,265","$24,482",https://www.capital.edu/academics/majors-and-minors/,★★★☆☆,✕,✕,〇,✕,✕,✕,✕,✕,✕,✕,✕,28/05/2025
Carleton College,★★★★★,アメリカ,Northfield,ミネソタ,田舎,https://maps.app.goo.gl/oghDbPoV4seh78j37,1866,"2,000",10%,★★☆☆☆,4.49,19.41,★★★★★,100,7.0,130,1/15,"$73,000","$20,000","$93,000","$64,000",★★★★★,N/A,"$8,456","$10,999","$17,900",https://www.carleton.edu/admissions/explore/majors/,★☆☆☆☆,〇,✕,〇,✕,✕,✕,✕,△,✕,✕,✕,28/05/2025
Carnegie Mellon University in Qatar,★★★★☆,カタール,Doha,ドーハ,大都会,https://maps.app.goo.gl/4vZdPTbKbYfXnC3t8,2004,480,37%,★★☆☆☆,5.89,N/A,★★★☆☆,N/A,N/A,N/A,1/15,"$44,000","$13,000","$57,000",N/A,★☆☆☆☆,N/A,N/A,N/A,N/A,https://www.qatar.cmu.edu/academics-research/academics/,★★☆☆☆,✕,〇,✕,✕,✕,✕,✕,✕,✕,✕,✕,28/05/2025
Carthage College,★★★★★,アメリカ,Kenosha,ウィスコンシン州,田舎,https://maps.app.goo.gl/Xd6kToTSPFkrGPJw6,1847,"2,700",N/A,★☆☆☆☆,1.15,N/A,★☆☆☆☆,78,6.0,N/A,Rolling,"$37,000","$13,000","$50,000","$28,000",★★★★☆,"$13,172","$13,491","$20,866","$21,194",https://www.carthage.edu/academics/majors-minors/,★★★★☆,✕,✕,〇,✕,✕,✕,✕,△,✕,✕,✕,28/05/2025
Case Western Reserve University,★★★★★,アメリカ,Cleveland,オハイオ州,都会,https://maps.app.goo.gl/1XB4HJDjdKxHUjZB6,1826,"6,500",13%,★★☆☆☆,2.65,4.94,★★☆☆☆,90,7.0,115,1/15,"$66,000","$18,000","$84,000","$35,000",★★☆☆☆,"$16,010","$17,541","$19,106","$32,824",https://case.edu/admission/academics,★★☆☆☆,✕,〇,〇,✕,✕,〇,✕,✕,✕,✕,✕,28/05/2025
Catawba College,★★★★☆,アメリカ,Salisbury,ノースカロライナ州,田舎,https://maps.app.goo.gl/YgqVeF2oYDPhRfJM7,1851,"1,300",6%,★☆☆☆☆,1.33,10.34,★★★★★,79,6.0,100,Rolling,"$35,000","$14,000","$49,000","$34,000",★★★★☆,N/A,"$13,838","$14,791","$19,351",https://catawba.edu/programs/,★★★★☆,✕,〇,〇,✕,✕,✕,✕,△,✕,✕,✕,28/05/2025
Cedar Crest College,★★★★☆,アメリカ,Allentown,ペンシルバニア州,田舎,https://maps.app.goo.gl/AceVXhkHV9qptyA59,1867,900,5%,★☆☆☆☆,1.01,N/A,★☆☆☆☆,N/A,N/A,N/A,Rolling,"$46,000","$14,000","$60,000","$34,000",★★★☆☆,N/A,N/A,N/A,N/A,https://www.cedarcrest.edu/programs-majors/,★★☆☆☆,✕,〇,✕,✕,✕,✕,✕,✕,✕,✕,✕,28/05/2025
Cedarville University,★★★★★,アメリカ,Cedarville,オハイオ州,田舎,https://maps.app.goo.gl/fPQPyLRgBke4Xmk17,1887,"4,900",2%,★☆☆☆☆,1.59,N/A,★☆☆☆☆,80,6.5,N/A,7/1,"$37,000","$16,000","$53,000","$25,000",★★★☆☆,N/A,"$18,952","$9,029","$24,810",https://www.cedarville.edu/Academic-Programs/,★★★★☆,✕,✕,〇,✕,✕,✕,✕,✕,✕,✕,✕,28/05/2025
Central Methodist University,★★☆☆☆,アメリカ,Fayette,モンタナ州,田舎,https://maps.app.goo.gl/Ya1GgrDeUdt7rg7B9,1854,"1,000",8%,★☆☆☆☆,1.14,N/A,★☆☆☆☆,N/A,N/A,95,Rolling,"$29,000","$15,000","$44,000","$20,000",★★★☆☆,N/A,N/A,N/A,N/A,https://centralmethodist.edu/academics/undergraduate/index.html,★☆☆☆☆,✕,〇,✕,✕,✕,✕,✕,✕,✕,✕,✕,28/05/2025
Central Michigan University,★★★☆☆,アメリカ,Mt Pleasant,ミシガン州,田舎,https://maps.app.goo.gl/eg86TjkSLWXWwCqR8,1892,"10,200",3%,★☆☆☆☆,1.11,N/A,★☆☆☆☆,79,6.5,100,Rolling,"$15,000","$14,000","$29,000","$16,000",★★☆☆☆,N/A,N/A,N/A,N/A,https://www.cmich.edu/program-finder,★☆☆☆☆,〇,✕,✕,✕,✕,✕,✕,✕,✕,✕,✕,28/05/2025
Central State University,★★★☆☆,アメリカ,Wilberforce,オハイオ州,田舎,https://maps.app.goo.gl/yuvPXHehxjDagx5L7,1887,"3,400",2%,★☆☆☆☆,2.17,N/A,★☆☆☆☆,61,5.5,90,Rolling,"$13,000","$13,000","$26,000","$4,000",★☆☆☆☆,N/A,N/A,N/A,N/A,https://www.centralstate.edu/academics/explore-our-programs,★☆☆☆☆,✕,〇,✕,✕,✕,✕,✕,✕,✕,✕,✕,28/05/2025
Central Washington University,★★★☆☆,アメリカ,Ellensburg,ワシントン州,田舎,https://maps.app.goo.gl/Bi8351jHCUQUPAL6A,1891,"7,000",3%,★☆☆☆☆,1.11,2.52,★☆☆☆☆,71,6.0,105,Rolling,"$26,000","$17,000","$43,000","$7,700",★★☆☆☆,N/A,N/A,N/A,N/A,https://www.cwu.edu/academics/explore-programs/,★☆☆☆☆,✕,〇,✕,✕,✕,✕,✕,✕,✕,✕,✕,28/05/2025
Centre College,★★★★☆,アメリカ,Danville,ケンタッキー州,田舎,https://maps.app.goo.gl/W1fZ5cArA9rMqsCm8,1819,"1,300",5%,★☆☆☆☆,1.60,4.50,★★☆☆☆,93,7.0,125,2/1,"$55,000","$16,000","$71,000","$47,000",★★★★☆,"$10,799","$12,400","$16,971","$21,853",https://www.centre.edu/academics/majors-minors-programs,★★☆☆☆,〇,✕,〇,✕,✕,✕,✕,△,✕,✕,✕,28/05/2025
Chatham University,★★★☆☆,アメリカ,Pittsburgh,ペンシルバニア州,大都会,https://maps.app.goo.gl/JTFTXf9r3Nn3iLYz8,1869,"1,600",3%,★☆☆☆☆,1.61,30.88,★★★★★,79,6.5,105,Rolling,"$45,000","$14,000","$59,000","$35,000",★★☆☆☆,"$18,793","$20,536","$22,983","$26,425",https://www.chatham.edu/academics/index.html,★★☆☆☆,✕,〇,〇,✕,✕,✕,✕,✕,✕,✕,✕,28/05/2025
Christendom College,★★★☆☆,アメリカ,Front Royal,バージニア州,田舎,https://maps.app.goo.gl/1pUTzuwrGGZddJkg6,1977,550,N/A,★☆☆☆☆,1.20,N/A,★☆☆☆☆,N/A,N/A,N/A,3/1,"$31,000","$13,000","$44,000",N/A,★☆☆☆☆,N/A,N/A,N/A,N/A,https://www.christendom.edu/academics/majors-minors/,★★☆☆☆,✕,✕,〇,✕,✕,✕,✕,✕,✕,✕,✕,28/05/2025
Chung-Ang University,★★★★☆,韓国,Seoul,ソウル,大都会,https://maps.app.goo.gl/4eRKYGh8riDnfySg6,1918,"30,000",7%,★★☆☆☆,1.67,N/A,★☆☆☆☆,71,6.0,N/A,4/16,"$9,000","$9,000","$18,000",N/A,★☆☆☆☆,N/A,N/A,N/A,N/A,https://neweng.cau.ac.kr/cms/FR_CON/index.do?MENU_ID=630,★☆☆☆☆,✕,〇,✕,✕,✕,✕,✕,✕,✕,✕,✕,28/05/2025
City University of Hong Kong,★★★★★,香港,Hong Kong,香港,大都会,https://maps.app.goo.gl/TuhW2mDk7ygdvTWB8,1984,"15,000",35%,★★☆☆☆,2.78,N/A,★☆☆☆☆,79,6.5,N/A,1/9,"$23,000","$12,000","$35,000",N/A,★☆☆☆☆,N/A,N/A,N/A,N/A,https://www.cityu.edu.hk/academic/catalogue,★★☆☆☆,〇,〇,✕,✕,✕,✕,✕,✕,✕,✕,✕,28/05/2025
Claremont McKenna College,★★★★★,アメリカ,Claremont,カリフォルニア州,郊外,https://maps.app.goo.gl/A9vQuWAr8h58frUK6,1946,"1,400",15%,★☆☆☆☆,10.43,17.78,★★★★★,100,7.5,130,1/10,"$72,000","$21,000","$93,000","$69,000",★★★★☆,N/A,"$8,341","$14,929","$19,384",https://www.cmc.edu/academic/departments-majors-programs,★☆☆☆☆,✕,✕,〇,〇,〇,✕,✕,△,✕,✕,✕,28/05/2025
Clark University,★★★★★,アメリカ,Worcester,マサチューセッツ州,都会,https://maps.app.goo.gl/Kz5mF5bFNM642GgN9,1887,"2,300",5%,★☆☆☆☆,2.08,6.67,★★★☆☆,85,6.5,120,1/15,"$52,000","$11,000","$63,000","$26,000",★★☆☆☆,"$14,937","$15,377","$20,719","$25,104",https://www.clarku.edu/programs/majors-and-minors/,★★☆☆☆,✕,〇,〇,✕,✕,✕,✕,△,✕,✕,✕,28/05/2025
Clarke University,★★★★☆,アメリカ,Dubuque,アイオワ州,田舎,https://maps.app.goo.gl/gJvwD6A1ArQB5NX68,1843,880,7%,★☆☆☆☆,1.47,N/A,★☆☆☆☆,75,6.0,105,Rolling,"$42,000","$13,000","$55,000","$29,000",★★☆☆☆,N/A,"$23,640","$24,483","$26,435",https://www.clarke.edu/academics/,★★☆☆☆,✕,✕,〇,✕,✕,✕,✕,✕,✕,✕,✕,28/05/2025
Cleveland Institute of Music,★★★★☆,アメリカ,Cleveland,オハイオ州,大都会,https://maps.app.goo.gl/CXrYNK62YW49G9Pc9,1920,200,15%,★☆☆☆☆,2.63,N/A,★☆☆☆☆,61,6.0,100,12/1,"$45,000","$16,000","$61,000","$24,000",★★☆☆☆,N/A,N/A,N/A,N/A,https://www.cim.edu/academic-programs,★☆☆☆☆,〇,〇,✕,✕,✕,✕,✕,✕,✕,✕,✕,28/05/2025
Coe College,★★★★☆,アメリカ,Cedar Rapids,アイオワ州,田舎,https://maps.app.goo.gl/682FX2H46CL78PqQ6,1851,"1,300",5%,★☆☆☆☆,1.41,N/A,★☆☆☆☆,N/A,N/A,N/A,Rolling,"$54,000","$13,000","$67,000","$45,000",★★★★☆,"$12,657","$13,250","$16,8890","$20,555",https://www.coe.edu/academics/majors-areas-study,★★★★☆,✕,〇,〇,✕,✕,✕,✕,△,✕,✕,✕,28/05/2025
Colby College,★★★★★,アメリカ,Waterville,メイン州,田舎,https://maps.app.goo.gl/XKLb5xPLoHvJi9rP9,1813,"2,300",11%,★★★☆☆,14.29,27.03,★★★★★,N/A,N/A,N/A,1/3,"$74,000","$20,000","$94,000","$69,000",★★★★★,"$1,692","$2,047","$4,059","$15,589",https://www.colby.edu/academics/majors-and-minors/,★★☆☆☆,✕,✕,〇,✕,✕,✕,✕,△,✕,✕,✕,28/05/2025
Colgate University,★★★★★,アメリカ,Hamilton,ニューヨーク州,田舎,https://maps.app.goo.gl/6XTNBY3eogBVLhYJ9,1819,"3,100",8%,★☆☆☆☆,8.36,34.29,★★★★★,100,7.0,130,1/15,"$70,000","$18,000","$88,000","$74,000",★★★★★,"$3,341","$9,345","$15,208","$20,226",https://www.colgate.edu/academics/majors-minors,★☆☆☆☆,✕,✕,〇,✕,✕,✕,✕,△,✕,✕,✕,28/05/2025
College of Saint Benedict,★★★★★,アメリカ,St Joseph,ミネソタ州,田舎,https://maps.app.goo.gl/gKrH3RmWa6aHQ5wH8,1913,"1,400",3%,★☆☆☆☆,1.10,N/A,★☆☆☆☆,N/A,N/A,N/A,1/15,"$55,000","$14,000","$69,000","$39,000",★★★☆☆,"$14,326","$15,818","$21,269","$26,148",https://www.csbsju.edu/programs/,★★★☆☆,✕,✕,〇,✕,✕,✕,✕,✕,✕,✕,✕,28/05/2025
College of the Atlantic,★★★★★,アメリカ,Harbor,メイン州,田舎,https://maps.app.goo.gl/CmCt2D1RoMAa4Sk49,1969,350,22%,★★☆☆☆,1.43,2.54,★☆☆☆☆,N/A,N/A,N/A,2/1,"$50,000","$12,000","$62,000","$49,000",★★★★☆,"$11,866","$12,988","$14,569","$24,800",https://www.coa.edu/academics/areas-of-study/,★★★★★,✕,✕,〇,✕,✕,✕,✕,△,✕,✕,✕,28/05/2025
College of the Holy Cross,★★★☆☆,アメリカ,Worcester,マサチューセッツ州,郊外,https://maps.app.goo.gl/VC5X76BsXkxgf3Ka6,1843,"3,200",3%,★☆☆☆☆,4.74,10.20,★★★★★,100,7.0,120,1/15,"$68,000","$21,000","$89,000","$82,000",★★★★★,N/A,"$6,282","$20,722","$29,535",https://www.holycross.edu/academics/programs,★☆☆☆☆,✕,✕,〇,✕,✕,✕,✕,△,✕,✕,✕,28/05/2025
College of Wooster,★★★★★,アメリカ,Wooster,オハイオ州,田舎,https://maps.app.goo.gl/AgT8KYP6qQU1MUor6,1866,"1,700",14%,★★★☆☆,1.68,3.91,★★☆☆☆,80,7.0,N/A,2/15,"$65,000","$17,000","$82,000","$45,000",★★★☆☆,"$14,697","$14,787","$21,865","$26,889",https://wooster.edu/academics/areas/,★★★☆☆,✕,✕,〇,✕,✕,✕,✕,〇,✕,✕,✕,28/05/2025
Colorado College,★★★★★,アメリカ,Colorado Springs,コロラド州,郊外,https://maps.app.goo.gl/pRoyKeqi7xpywyXe6,1874,"2,000",5%,★☆☆☆☆,5.41,14.25,★★★★★,100,7.0,120,1/15,"$74,000","$18,000","$92,000","$74,000",★★★★★,N/A,"$9,964","$13,311","$25,254",https://www.coloradocollege.edu/academics/dept/majors/,★★☆☆☆,✕,✕,〇,✕,✕,✕,✕,△,✕,✕,✕,28/05/2025
Columbia University,★★★★★,アメリカ,Broadway,ニューヨーク州,大都会,https://maps.app.goo.gl/TfPZbKLif3wUMzHr8,1754,"13,100",16%,★★★☆☆,25.01,38.65,★★★★★,105,7.5,135,1/1,"$72,000","$19,000","$91,000","$84,000",★★★★★,N/A,"$4,975","$5,195","$15,368",https://undergrad.admissions.columbia.edu/academics/college/majors,★☆☆☆☆,✕,✕,〇,〇,〇,〇,✕,✕,△,✕,✕,28/05/2025
Connecticut College,★★★★★,アメリカ,New London,コネチカット州,田舎,https://maps.app.goo.gl/wWbHxKZwqFio4xj79,1911,"2,000",6%,★★☆☆☆,2.61,25.96,★★★★★,100,7.0,130,1/15,"$70,000","$22,000","$92,000","$60,000",★★★☆☆,"$13,666","$20,097","$26,780","$30,784",https://www.conncoll.edu/academics/majors-departments-programs/majors-and-minors/,★☆☆☆☆,✕,✕,〇,✕,✕,✕,✕,△,✕,✕,✕,28/05/2025
Cooper Union for the Advancement of Science and Art,★★★★★,アメリカ,Cooper Square,ニューヨーク州,大都会,https://maps.app.goo.gl/MzrGGH78KqB8jPUa6,1859,900,14%,★★☆☆☆,5.26,N/A,★★★☆☆,100,7.0,130,1/5,"$47,000","$20,000","$67,000","$42,000",★★★☆☆,N/A,N/A,N/A,N/A,https://cooper.edu/admissions/degree-programs,★★★☆☆,〇,〇,✕,✕,✕,✕,✕,✕,✕,✕,〇,28/05/2025
Copenhagen School of Design and Technology,★★★★★,デンマーク,Copehagen,コペンハーゲン,大都会,https://maps.app.goo.gl/6c8nAeQbjMfr4D9K7,1876,,24%,★☆☆☆☆,,,,N/A,N/A,N/A,5/1,,,,,★☆☆☆☆,N/A,N/A,N/A,N/A,https://kea.dk/en/about-kea/all-programmes,★★☆☆☆,✕,〇,✕,✕,✕,✕,✕,✕,✕,✕,✕,29/05/2025
Cornell College,★★★★★,アメリカ,Mt Vernon,アイオワ州,田舎,https://maps.app.goo.gl/ptnTmSEGPnmYsLTD7,1853,,3%,★☆☆☆☆,,,,N/A,N/A,N/A,2/1,,,,"$43,000",★★★☆☆,"$17,716","$18,472","$20,347","$26,019",https://www.cornellcollege.edu/academics/index.shtml,★★★★☆,✕,✕,〇,✕,✕,✕,✕,△,✕,✕,✕,29/05/2025
Cornell University,★★★★★,アメリカ,Ithaca,ニューヨーク州,田舎,https://maps.app.goo.gl/8S6X6oryqx6j1SnG9,1865,,7%,★★★☆☆,,,,100,7.5,130,1/2,,,,,★★★★★,"4,079","$5,589","$8,129","$18,531",https://www.cornell.edu/academics/fields.cfm,★☆☆☆☆,✕,✕,〇,〇,〇,〇,✕,✕,△,✕,✕,29/05/2025
Cornish College of Arts,★★★★★,アメリカ,Seattle,ワシントン州,大都会,https://maps.app.goo.gl/GiRWmf7HBdjFmgF77,1914,,20%,★☆☆☆☆,,,,N/A,N/A,N/A,Rolling,,,,,★☆☆☆☆,N/A,N/A,N/A,N/A,https://www.cornish.edu/academics/,★☆☆☆☆,〇,〇,✕,✕,✕,✕,✕,✕,✕,✕,✕,29/05/2025
Covenant College,★★★★☆,アメリカ,Lookout Mountain,ジョージア州,田舎,https://maps.app.goo.gl/ab1kyVsqCFUsB4Sz7,1955,,3%,★☆☆☆☆,,,,90,7.0,N/A,3/1,,,,"$31,350",★★★★☆,N/A,N/A,N/A,N/A,https://www.covenant.edu/academics/programs.html,★★★☆☆,✕,〇,✕,✕,✕,✕,✕,△,✕,✕,✕,29/05/2025
Culver-Stockton College,★★★☆☆,アメリカ,Canton,モンタナ州,田舎,https://maps.app.goo.gl/C1MquvEkEf6Xqp527,1853,,3%,★☆☆☆☆,,,,61,6.0,60,Rolling,,,,,★☆☆☆☆,N/A,N/A,N/A,N/A,https://culver.edu/majors/,★☆☆☆☆,✕,〇,✕,✕,✕,✕,✕,△,✕,✕,✕,29/05/2025
Curtis Institute of Music,★★★★★,アメリカ,Philadelphia,ペンシルバニア州,大都会,https://maps.app.goo.gl/7a2p9Qn3hU48wjQT6,1924,,44%,★☆☆☆☆,,,,79,6.5,N/A,3/1,,,,,★★★★★,N/A,N/A,N/A,N/A,https://www.curtis.edu/learn/degrees-diplomas/,★☆☆☆☆,✕,✕,〇,✕,✕,✕,✕,✕,✕,✕,✕,29/05/2025
Czech University of Life Sciences Prague,★★★★☆,チェコ,Praha,プラハ,郊外,https://maps.app.goo.gl/WT37fpvUXv4iu8Ry8,1906,,21%,★☆☆☆☆,,,,N/A,N/A,N/A,12/1,,,,,★☆☆☆☆,N/A,N/A,N/A,N/A,https://www.czu.cz/en/r-9188-study/r-9251-study-programmes/r-9256-master-s-degree-programmes,★☆☆☆☆,✕,〇,✕,✕,✕,✕,✕,✕,✕,✕,✕,29/05/2025
Danish Academy of Music,★★★★★,デンマーク,Copehagen,コペンハーゲン,大都会,https://maps.app.goo.gl/JRyHLKkf9YYMubh67,1867,,40%,★☆☆☆☆,,,,60,5.5,N/A,1/1,,,,,★☆☆☆☆,N/A,N/A,N/A,N/A,https://www.dkdm.dk/en,★☆☆☆☆,✕,〇,✕,✕,✕,✕,✕,✕,✕,✕,✕,29/05/2025
Dankook University,★★★☆☆,韓国,Seongnam,城南市,都会,https://maps.app.goo.gl/D3KedzmaQCrwg6Bv8,1947,,4%,★☆☆☆☆,,,,80,5.5,N/A,5/15,,,,,★☆☆☆☆,N/A,N/A,N/A,N/A,https://www.dankook.ac.kr/web/international/42,★☆☆☆☆,✕,〇,✕,✕,✕,✕,✕,✕,✕,✕,✕,29/05/2025
Dartmouth College,★★★★★,アメリカ,Hanover,ニューハンプシャー州,田舎,https://maps.app.goo.gl/tFDKLDt9SdxYVyuY6,1769,,14%,★☆☆☆☆,,,,100,7.0,135,1/2,,,,,★★★★★,"$2,438","$4,073","$5,903","$13,426",https://home.dartmouth.edu/academics/undergraduate-arts-sciences/majors-and-minors,★☆☆☆☆,✕,✕,〇,〇,〇,〇,✕,✕,✕,〇,✕,29/05/2025
Davidson College,★★★★★,アメリカ,Davidson,ノースカロライナ州,田舎,https://maps.app.goo.gl/zDZg5w8dajYw972D9,1837,,10%,★☆☆☆☆,,,,N/A,N/A,N/A,1/13,,,,,★★★★★,N/A,"3,339","$7,610","$15,671",https://www.davidson.edu/majors-minors-programs,★☆☆☆☆,✕,✕,〇,✕,✕,✕,✕,△,✕,✕,✕,29/05/2025
Deep Springs College,★★★★★,アメリカ,Deep Springs,カリフォルニア州,田舎,https://maps.app.goo.gl/kFaAdeNhYik2uhJS9,1917,28,N/A,★☆☆☆☆,30.00,N/A,★★★★★,98,7.0,130,11/2,$0,"$2,000","$2,000",$0,★★★★★,N/A,N/A,N/A,N/A,https://www.deepsprings.edu/academics-at-deep-springs/,★★★★★,〇,✕,✕,✕,✕,✕,✕,✕,✕,✕,✕,29/05/2025
Defiance College,★★★☆☆,アメリカ,Definance,オハイオ州,田舎,https://maps.app.goo.gl/9RzXCBorWNg1DPX46,1850,,N/A,★☆☆☆☆,,,,80,6.0,110,Rolling,,,,,★★☆☆☆,N/A,N/A,N/A,N/A,https://www.defiance.edu/academics/majors-and-minors.html,★☆☆☆☆,✕,〇,✕,✕,✕,✕,✕,△,✕,✕,✕,29/05/2025
Denison University,★★★★★,アメリカ,Granville,オハイオ州,田舎,https://maps.app.goo.gl/VPn8e9Az3zaHeJbbA,1831,,17%,★★☆☆☆,,,,N/A,N/A,N/A,1/15,,,,,★★★★☆,N/A,"$12,775","$15,451","$26,653",https://denison.edu/academics/curriculum/academic-majors,★★☆☆☆,✕,〇,〇,✕,✕,✕,✕,△,✕,✕,✕,29/05/2025
DePaul University,★★★★☆,アメリカ,Chicago,イリノイ州,大都会,https://maps.app.goo.gl/RNxUHToqCRpHpXVaA,1898,,4%,★☆☆☆☆,,,,80,6.5,115,2/1,,,,,★★☆☆☆,N/A,N/A,N/A,N/A,https://www.depaul.edu/academics/undergraduate/majors/Pages/default.aspx,★★☆☆☆,✕,〇,✕,✕,✕,✕,✕,✕,✕,✕,✕,29/05/2025
DePauw University,★★★★★,アメリカ,Greencastle,インディアナ州,田舎,https://maps.app.goo.gl/VGVjvyM4cdY3zcuJ9,1837,,23%,★★★★★,,,,85,6.5,110,2/1,,,,,★★★★☆,"$12,267","$16,184","$17,459","$24,646",https://www.depauw.edu/academics/majors-and-minors/,★☆☆☆☆,✕,〇,〇,✕,✕,✕,✕,〇,✕,✕,✕,29/05/2025
DeSales University,★★☆☆☆,アメリカ,Center Valley,ペンシルバニア州,田舎,https://maps.app.goo.gl/xjDr5aUD7intCfLQ7,1964,,1%,★☆☆☆☆,,,,80,6.5,N/A,Rolling,,,,,★★☆☆☆,N/A,N/A,N/A,N/A,https://www.desales.edu/academics/academic-programs,★☆☆☆☆,✕,〇,✕,✕,✕,✕,✕,✕,✕,✕,✕,29/05/2025
Dickinson College,★★★★★,アメリカ,Carlisle,ペンシルバニア州,田舎,https://maps.app.goo.gl/YBx9zNVRMv4ct6Rk6,1783,,13%,★★☆☆☆,,,,90,7.0,120,1/15,,,,,★★★★☆,N/A,"$15,148","$16,348","$21,727",https://www.dickinson.edu/homepage/199/academic_programs,★★☆☆☆,✕,✕,〇,✕,✕,✕,✕,△,✕,✕,✕,29/05/2025
Dillard University,★★★☆☆,アメリカ,New Orleans,ルイジアナ州,大都会,https://maps.app.goo.gl/4vww4c7bRVk5GJmG6,1869,,2%,★☆☆☆☆,,,,79,N/A,N/A,Rolling,,,,,★★☆☆☆,N/A,N/A,N/A,N/A,https://www.dillard.edu/academics/academic-programs/,★☆☆☆☆,〇,〇,✕,✕,✕,✕,✕,✕,✕,✕,✕,29/05/2025
Dominican University,★★★☆☆,アメリカ,River Forest,イリノイ州,郊外,https://maps.app.goo.gl/PJRaw9LmTLNVcLPUA,1901,,1%,★☆☆☆☆,,,,79,6.0,N/A,Rolling,,,,,★★★★☆,"$10,934","$13,149","$15,342","$20,088",https://www.dom.edu/academics/majors-programs/majors,★★☆☆☆,✕,✕,〇,✕,✕,✕,✕,✕,✕,✕,✕,29/05/2025
Drew University,★★★☆☆,アメリカ,Madison,ニュージャージー州,郊外,https://maps.app.goo.gl/qo2ETfWdAMaQWAkJ8,1867,,10%,★☆☆☆☆,,,,80,6.5,N/A,7/28,,,,"$33,097",★★★☆☆,"$13,177","$18,426","$19,926","$26,292",https://drew.edu/academic/programs-of-study/,★★★☆☆,✕,✕,〇,✕,✕,✕,✕,△,✕,✕,✕,29/05/2025
Drexel University,★★★★★,アメリカ,Philadelphia,ペンシルバニア州,大都会,https://maps.app.goo.gl/x6CF8qofBqGPFkro6,1891,,9%,★★★☆☆,,,,N/A,N/A,N/A,1/15,,,,"$34,000",★★☆☆☆,"$25,722","$27,401","$34,112","$37,647",https://catalog.drexel.edu/majors/,★★☆☆☆,〇,〇,〇,✕,✕,✕,✕,✕,✕,✕,✕,29/05/2025
Duke Kunshan University,★★★★☆,中国,Kunshan,杜克,郊外,https://maps.app.goo.gl/y1fDFpwNx5KA3vw6A,2013,,15%,★★☆☆☆,,,,N/A,N/A,N/A,1/2,,,,,★★★☆☆,N/A,N/A,N/A,N/A,https://ugstudies.dukekunshan.edu.cn/academics/majors/,★★☆☆☆,✕,✕,〇,✕,✕,✕,✕,✕,✕,✕,✕,29/05/2025
Duke University,★★★★★,アメリカ,Durham,ノースカロライナ州,郊外,https://maps.app.goo.gl/pZRPk2SbaavAdEDB6,1838,,10%,★★☆☆☆,,,,N/A,N/A,N/A,1/2,,,,,★★★★★,N/A,"$2,025","$6,901","$16,487",https://admissions.duke.edu/academic-possibilities/,★☆☆☆☆,〇,✕,〇,〇,〇,〇,✕,✕,△,✕,✕,29/05/2025
Earlham College,★★★★★,アメリカ,Richmond,インディアナ州,田舎,https://maps.app.goo.gl/nbMiWJJmjZR2G6xV9,1847,,2%,★★★☆☆,,,,79,6.0,115,,,,,,★★★☆☆,"$18,306","$20,515","$22,527","$25,618",https://catalog.earlham.edu/academic-catalog-2024-25/majors-and-minors,★★★☆☆,✕,✕,〇,✕,✕,✕,✕,〇,✕,✕,✕,29/05/2025
East-West University,★★★☆☆,アメリカ,Chicago,イリノイ州,大都会,https://maps.app.goo.gl/LfxNSqbDx1LiDR7h8,1980,,19%,★☆☆☆☆,,,,65,N/A,N/A,,,,,,★☆☆☆☆,N/A,N/A,N/A,N/A,https://www.eastwest.edu/catalog/academic-programs/,★★☆☆☆,✕,〇,✕,✕,✕,✕,✕,✕,✕,✕,✕,29/05/2025
Eastern University,★★★☆☆,アメリカ,St Davis,ペンシルバニア州,郊外,https://maps.app.goo.gl/59nzKvsJMPsByRpT7,1925,,5%,★☆☆☆☆,,,,79,6.5,N/A,,,,,,★☆☆☆☆,N/A,N/A,N/A,N/A,"https://www.eastern.edu/academics#:~:text=Eastern%20offers%20over%2095%20areas%20of%20study%20including,Leadership%20Fellows%20Program%2C%20and%20the%20Goode%20Scholars%20Program.",★★☆☆☆,✕,〇,✕,✕,✕,✕,✕,✕,✕,✕,✕,29/05/2025
Eindhoven University of Technology,★★★☆☆,オランダ,Eindhoven,アイントホーフェン,都会,https://maps.app.goo.gl/PPPf5wJtUuRDeXdZA,1956,,19%,★☆☆☆☆,,,,90,6.5,N/A,,,,,,★☆☆☆☆,N/A,N/A,N/A,N/A,https://www.tue.nl/en/education/degree-programs/bachelor-programs,★☆☆☆☆,✕,〇,✕,✕,✕,✕,✕,✕,✕,✕,✕,29/05/2025
Elizabethtown College,★★★☆☆,アメリカ,Elizabethtown,ペンシルバニア州,田舎,https://maps.app.goo.gl/cjsRBiQA36s7E9Dm8,1899,,2%,★☆☆☆☆,,,,N/A,N/A,N/A,,,,,,★☆☆☆☆,N/A,N/A,N/A,N/A,https://www.etown.edu/academics/majors-minors.aspx,★★★☆☆,✕,〇,✕,✕,✕,✕,✕,✕,✕,〇,✕,29/05/2025
Elmira College,★★★☆☆,アメリカ,Elmira,ニューヨーク州,田舎,https://maps.app.goo.gl/jRsebZQt4FPAGTEq7,1855,,7%,★☆☆☆☆,,,,80,5.5,100,,,,,,★☆☆☆☆,N/A,N/A,N/A,N/A,https://www.elmira.edu/academics/programs,★☆☆☆☆,✕,〇,✕,✕,✕,✕,✕,✕,✕,✕,✕,29/05/2025
Elon University,★★★☆☆,アメリカ,Elon,ノースカロライナ州,田舎,https://maps.app.goo.gl/VifCpWPy1cto5hhL9,1889,,2%,★☆☆☆☆,,,,80,6.5,110,,,,,,★★☆☆☆,N/A,"$23,103","$32,133","$37,712",https://www.elon.edu/u/academics/majors-minors-programs/,★★★☆☆,✕,〇,〇,✕,✕,✕,✕,✕,✕,✕,✕,29/05/2025
Emerson College,★★★☆☆,アメリカ,Boston,マサチューセッツ州,大都会,https://maps.app.goo.gl/PkMXiUs8zxvzSrDS9,1880,,16%,★☆☆☆☆,,,,95,7.0,125,,,,,,★☆☆☆☆,N/A,N/A,N/A,N/A,https://emerson.edu/majors-programs,★★☆☆☆,✕,〇,✕,✕,✕,✕,✕,✕,✕,✕,✕,29/05/2025
Emory University,★★★★★,アメリカ,Atlanta,ジョージア州,大都会,https://maps.app.goo.gl/HJpTSJt9WpGak6Yh8,1836,,16%,★★☆☆☆,,,,100,7.5,130,,,,,,★★★★★,"$6,895","$8,640","$11,687","$21,124",https://apply.emory.edu/academics/majors-minors.html,★★★★☆,〇,〇,〇,✕,✕,〇,✕,✕,△,✕,✕,29/05/2025
ESADE Business School,★★★★★,スペイン,Barcelona,バルセロナ,大都会,https://maps.app.goo.gl/Qphf1FeYsgKwkZsn7,1958,,60%,★★☆☆☆,,,,70,6.0,100,,,,,,★☆☆☆☆,N/A,N/A,N/A,N/A,https://www.esade.edu/bachelor/en/programmes/business-administration,★☆☆☆☆,✕,〇,✕,✕,✕,✕,✕,✕,✕,✕,✕,29/05/2025
Estonian Academy of Music and Theatre,★★★☆☆,エストニア,Tallinn,タリン,大都会,https://maps.app.goo.gl/ysQ54j7mWuTdo2mG9,1919,,25%,★☆☆☆☆,,,,N/A,N/A,N/A,,,,,,★☆☆☆☆,N/A,N/A,N/A,N/A,https://eamt.ee/en/,★☆☆☆☆,✕,〇,✕,✕,✕,✕,✕,✕,✕,✕,✕,29/05/2025
Europe Atlantic University,★★★☆☆,スペイン,Santander,サンタンダー,田舎,https://maps.app.goo.gl/zZcEYc6s9NFJ7H4MA,2001,,9%,★☆☆☆☆,,,,N/A,N/A,N/A,,,,,,★☆☆☆☆,N/A,N/A,N/A,N/A,https://www.uneatlantico.es/en,★☆☆☆☆,✕,〇,✕,✕,✕,✕,✕,✕,✕,✕,✕,29/05/2025
Ewha Womans University,★★★★☆,韓国,Seoul,ソウル,大都会,https://maps.app.goo.gl/x2YancpX3yF4SGqBA,1886,,8%,★☆☆☆☆,,,,80,6.0,N/A,,,,,,★☆☆☆☆,N/A,N/A,N/A,N/A,https://www.ewha.ac.kr/ewhaen/bachelor/major01.do,★☆☆☆☆,〇,〇,✕,✕,✕,✕,✕,✕,✕,✕,✕,29/05/2025
Fairfield University,★★★★☆,アメリカ,Fairfield,コネチカット州,郊外,https://maps.app.goo.gl/ocLUQU7pkErMDdjD7,1942,,2%,★☆☆☆☆,,,,80,6.5,105,,,,,,★★☆☆☆,N/A,"$28,062","$35,003","$39,355",https://www.fairfield.edu/academics/majors-and-minors/,★★★☆☆,✕,✕,〇,✕,✕,✕,✕,✕,✕,✕,✕,29/05/2025
Fisher College,★★★☆☆,アメリカ,Boston,マサチューセッツ州,大都会,https://maps.app.goo.gl/u33ifAzwGRxj3sx16,1903,,N/A,★☆☆☆☆,,,,65,6.0,100,,,,,,★★★☆☆,"$23,879","$24,290","$25,874","$26,290",https://www.fisher.edu/academics/undergraduate-programs,★★☆☆☆,✕,✕,〇,✕,✕,✕,✕,✕,✕,✕,✕,29/05/2025
Fisk University,★★★☆☆,アメリカ,Nashville,テネシー州,都会,https://maps.app.goo.gl/orUwAhxvjrGJHqE58,1866,,16%,★☆☆☆☆,,,,61,5.5,N/A,,,,,,★★★☆☆,N/A,N/A,N/A,N/A,https://www.fisk.edu/about/administration/division-of-academic-affairs/majors-degrees-and-cip-codes/,★★☆☆☆,〇,〇,✕,✕,✕,✕,✕,✕,✕,✕,✕,29/05/2025
Five Towns College,★★★★★,アメリカ,Dix Hills,ニューヨーク州,郊外,https://maps.app.goo.gl/NHQbJ2QBDYJHG8D66,1972,,3%,★☆☆☆☆,,,,70,6.0,N/A,,,,,,★★☆☆☆,N/A,N/A,N/A,N/A,"https://www.ftc.edu/academics/undergraduate-programs/#:~:text=Find%20the%20Five%20Towns%20College%20major%20that%20connects,call%20or%20submit%20a%20Request%20for%20Information%20online.",★★☆☆☆,✕,〇,✕,✕,✕,✕,✕,✕,✕,✕,✕,29/05/2025
Florida International University,★★★★☆,アメリカ,Miami,フロリダ州,大都会,https://maps.app.goo.gl/wmNuc4n4rsnaWoLcA,1965,,6%,★☆☆☆☆,,,,80,6.5,110,,,,,,★★☆☆☆,N/A,N/A,N/A,N/A,https://www.fiu.edu/academics/degrees-and-programs/index.html,★★★☆☆,〇,〇,✕,✕,✕,✕,✕,✕,✕,✕,✕,29/05/2025
Florida Polytechnic University,★★★★☆,アメリカ,Lakeland,フロリダ州,郊外,https://maps.app.goo.gl/Z3jkeeHWmgTsxcLp9,2012,,2%,★☆☆☆☆,,,,N/A,N/A,N/A,,,,,,★★☆☆☆,N/A,N/A,N/A,N/A,https://floridapoly.edu/academics/undergraduate/index.php,★★★★☆,✕,〇,✕,✕,✕,✕,✕,✕,✕,✕,✕,29/05/2025
Florida State University,★★★★★,アメリカ,Tallahassee,フロリダ州,都会,https://maps.app.goo.gl/Z1cmSzuCDPgdYuNn6,1851,,2%,★★☆☆☆,,,,80,6.5,120,,,,,,★★☆☆☆,N/A,N/A,N/A,N/A,https://admissions.fsu.edu/majors,★☆☆☆☆,✕,〇,✕,✕,✕,✕,✕,✕,✕,✕,✕,29/05/2025
Fordham University,★★★★★,アメリカ,Bronx,ニューヨーク州,都会,https://maps.app.goo.gl/ZaKVN7GF88zJhQ7t6,1841,,7%,★★☆☆☆,,,,N/A,N/A,N/A,,,,,,★★☆☆☆,"$31,239","$33,504","$38,039","$41,753",https://www.fordham.edu/undergraduate-admission/majors-and-minors/,★★☆☆☆,✕,〇,〇,✕,✕,✕,✕,✕,✕,✕,✕,29/05/2025
Franklin & Marshall College,★★★★★,アメリカ,Lancaster,ペンシルバニア州,郊外,https://maps.app.goo.gl/WaMr6KJHHEe4aDJ36,1787,,5%,★★☆☆☆,,,,N/A,N/A,N/A,,,,,,★★★★☆,"$13,331","$18,539","$26,954","$28,353",https://www.fandm.edu/fields-of-study/,★★★☆☆,✕,✕,〇,✕,✕,✕,✕,△,✕,✕,✕,29/05/2025
Funen Art Academy,★★★★☆,デンマーク,Odense,オデッセ,郊外,https://maps.app.goo.gl/RiNa1YKtUY9jcy3K8,1949,,50%,★☆☆☆☆,,,,N/A,N/A,N/A,,,,,,★☆☆☆☆,N/A,N/A,N/A,N/A,https://detfynskekunstakademi.dk/en/the-academy/,★☆☆☆☆,✕,〇,✕,✕,✕,✕,✕,✕,✕,✕,✕,29/05/2025
Furman University,★★★★★,アメリカ,Greenville,サウスカロライナ州,郊外,https://maps.app.goo.gl/iPqNAK8v6Afvx8UT9,1826,,5%,★★☆☆☆,,,,100,7.0,120,,,,,,★★★★☆,"$9,394","$16,294","$24,978","$29,927",https://www.furman.edu/academics/majors-minors-programs/,★★★☆☆,〇,〇,〇,✕,✕,✕,✕,△,✕,✕,〇,29/05/2025
Gallaudet University,★★★☆☆,アメリカ,Washington D.C.,コロンビア特別区,大都会,https://maps.app.goo.gl/2e9ujXPrT8Rg4NzD7,1864,,4%,★☆☆☆☆,,,,N/A,N/A,N/A,,,,,,★★★★☆,"$9,127","$12,603","$15,210","$16,807",https://gallaudet.edu/academics/programs/,★☆☆☆☆,✕,✕,〇,✕,✕,✕,✕,✕,✕,✕,✕,29/05/2025
Gannon University,★★★☆☆,アメリカ,Erie,ペンシルバニア州,田舎,https://maps.app.goo.gl/hTdo3tvLnk2xouvT7,1925,,11%,★★★★☆,,,,79,6.0,110,,,,,,★★★☆☆,N/A,N/A,N/A,N/A,https://www.gannon.edu/academic-offerings/academic-programs/,★★☆☆☆,✕,〇,✕,✕,✕,✕,✕,✕,✕,✕,✕,29/05/2025
Gardner-Webb University,★★★☆☆,アメリカ,Boiling Springs,ノースカロライナ州,田舎,https://maps.app.goo.gl/WUKxsgCGeJfSdH9f9,1905,,1%,★☆☆☆☆,,,,61,5.0,95,,,,,,★☆☆☆☆,N/A,N/A,N/A,N/A,https://gardner-webb.edu/academics/,★☆☆☆☆,✕,〇,✕,✕,✕,✕,✕,✕,✕,✕,✕,29/05/2025
Georgetown College,★★★★☆,アメリカ,Georgetown,ケンタッキー州,田舎,https://maps.app.goo.gl/a2eAV1AAMi57VBbp8,1829,,4%,★☆☆☆☆,,,,N/A,N/A,N/A,,,,,,★★★★★,N/A,"$8,329","$9,68","$16,607",https://www.georgetowncollege.edu/academics/academic-programs/all,★★★★☆,✕,〇,〇,✕,✕,✕,✕,△,✕,✕,✕,29/05/2025
Georgetown University,★★★★★,カタール,Washington D.C.,コロンビア特別区,大都会,https://maps.app.goo.gl/9epGoAnjuar4z9M86,1789,,13%,★★☆☆☆,,,,100,7.0,N/A,,,,,,★★★★★,"$5,340","$8,750","$13,464","$26,491",https://www.georgetown.edu/academics/areas-of-study/,★☆☆☆☆,✕,✕,〇,〇,〇,〇,✕,✕,△,✕,✕,29/05/2025
Georgetown University in Qatar,★★★★★,アメリカ,Doha,ドーハ,大都会,https://maps.app.goo.gl/D27Xk9LscfbgSLow8,2005,,30%,★☆☆☆☆,,,,N/A,N/A,N/A,,,,,,★★★★☆,"$6,450","$10,500","$16,780","$21,870",https://www.qatar.georgetown.edu/academics/programs/majors-minors-and-certificates/,★★★☆☆,✕,✕,〇,✕,✕,✕,✕,✕,✕,✕,✕,29/05/2025
Gettysburg College,★★★★★,アメリカ,Gettysburg,ペンシルバニア州,田舎,https://maps.app.goo.gl/2KGudR8mL2ZYgpvU7,1832,,12%,★☆☆☆☆,,,,90,7.0,120,,,,,,★★★★☆,"$14,666","$14,989","$18,767","$27,423",https://www.gettysburg.edu/academic-programs/,★★★☆☆,✕,✕,〇,✕,✕,✕,✕,△,✕,✕,✕,29/05/2025
Gordon College,★★★☆☆,アメリカ,Wenham,マサチューセッツ州,田舎,https://maps.app.goo.gl/UTQJoGNwMa6uiDaa7,1889,,11%,★☆☆☆☆,,,,N/A,N/A,N/A,,,,,,★★★☆☆,N/A,"$21,394","$23,051","$24,738",https://www.gordon.edu/program-directory?keywords=,★★☆☆☆,✕,✕,〇,✕,✕,✕,✕,△,✕,✕,✕,29/05/2025
Goshen College,★★★★☆,アメリカ,Goshen,インディアナ州,田舎,https://maps.app.goo.gl/BGssFRVD8dYYBQTq5,1894,,12%,★☆☆☆☆,,,,N/A,N/A,N/A,,,,,,★★★★☆,"$11,059","$13,394","$15,681","$17,823",https://www.goshen.edu/academics/majors-minors/,★★☆☆☆,✕,✕,〇,✕,✕,✕,✕,△,✕,✕,✕,29/05/2025
Goucher College,★★★★☆,アメリカ,Baltimore,メリーランド州,大都会,https://maps.app.goo.gl/XfLSLACo2CpHyBPA8,1885,,3%,★☆☆☆☆,,,,80,6.5,105,,,,,,★★★★☆,"$13,998","$14,176","$22,304","$27,178",https://www.goucher.edu/learn/undergraduate-programs/,★★★☆☆,✕,〇,〇,✕,✕,✕,✕,△,✕,✕,✕,29/05/2025
Greenville University,★★★★☆,アメリカ,Greenville,イリノイ州,田舎,https://maps.app.goo.gl/r3kDbcbafqMwcPmh9,1892,,14%,★☆☆☆☆,,,,79,6.5,110,,,,,,★★★★☆,N/A,"$14,536","$19,800","$24,786",https://www.greenville.edu/academics/find-a-program,★★★★☆,✕,✕,〇,✕,✕,✕,✕,✕,✕,✕,✕,29/05/2025
Grinnell College,★★★★★,アメリカ,Grinnell,アイオワ州,田舎,https://maps.app.goo.gl/gfdAGeMWQGVDep9b7,1846,,19%,★★★★★,,,,N/A,N/A,N/A,,,,,,★★★★★,N/A,"$6,235","$9,670","$16,891",https://www.grinnell.edu/academics/majors-concentrations,★☆☆☆☆,✕,✕,〇,✕,✕,✕,✕,〇,✕,✕,✕,29/05/2025
Grove City College,★★★☆☆,アメリカ,Grove City,ペンシルバニア州,田舎,https://maps.app.goo.gl/5foSf2LW6ogL9oZQ9,1876,,1%,★☆☆☆☆,,,,79,6.5,N/A,,,,,,★★★★☆,N/A,N/A,N/A,N/A,https://www.gcc.edu/Home/Academics/Majors-Departments,★★☆☆☆,✕,〇,〇,✕,✕,✕,✕,△,✕,✕,✕,29/05/2025
Guilford College,★★★☆☆,アメリカ,Greenboro,ノースカロライナ州,郊外,https://maps.app.goo.gl/WNy2HFjwpGNegCgf7,1837,,1%,★☆☆☆☆,,,,80,6.5,105,,,,,,★★☆☆☆,"$20,780","$24,865","$25,200","$30,615",https://www.guilford.edu/program-finder,★★☆☆☆,✕,〇,〇,✕,✕,✕,✕,△,✕,✕,✕,29/05/2025
Gustavus Adolphus College,★★★★★,アメリカ,St Peter,ミネソタ州,田舎,https://maps.app.goo.gl/Sg7p2EhLAfH2SqPs9,1862,,5%,★☆☆☆☆,,,,85,6.5,110,,,,,,★★★★☆,"$13,796","$14,251","$17,611","$24,877",https://gustavus.edu/academics/undergraduate/,★★★★☆,✕,✕,〇,✕,✕,✕,✕,△,✕,✕,✕,29/05/2025
Gyeongsang National University,★★★☆☆,韓国,Jiunju,晋州,郊外,https://maps.app.goo.gl/ckevnKaL516Z7WRE8,1948,,6%,★☆☆☆☆,,,,71,5.5,N/A,,,,,,★☆☆☆☆,N/A,N/A,N/A,N/A,https://www.gnu.ac.kr/eng/main.do,★☆☆☆☆,〇,〇,✕,✕,✕,✕,✕,✕,✕,✕,✕,29/05/2025
Hacettepe University,★★★☆☆,トルコ,Ankara,アンカラ,郊外,https://maps.app.goo.gl/9KyjbmgcgPa28ACL9,1967,,4%,★☆☆☆☆,,,,92,N/A,N/A,,,,,,★☆☆☆☆,N/A,N/A,N/A,N/A,https://hacettepe.edu.tr/teaching/undergraduate_programs,★☆☆☆☆,〇,〇,✕,✕,✕,✕,✕,✕,✕,✕,✕,29/05/2025
Hamilton College,★★★★★,アメリカ,Clinton,ニューヨーク州,田舎,https://maps.app.goo.gl/F8B3ccbB9aLZwbdL8,1793,,8%,★★☆☆☆,,,,100,7.0,130,,,,,,★★★★★,"$4,906","$8,614","$18,336","$21,312",https://www.hamilton.edu/academics/areas-of-study,★☆☆☆☆,✕,✕,〇,〇,〇,✕,✕,△,✕,✕,✕,29/05/2025
Hamline University,★★★☆☆,アメリカ,St Paul,ミネソタ州,都会,https://maps.app.goo.gl/hJC1dtyLrrxx7iF37,1854,,1%,★☆☆☆☆,,,,79,6.5,105,,,,,,★★★★☆,N/A,"$15,893","$19,628","$24,313","https://www.hamline.edu/academics/undergraduate#:~:text=With%20majors%2C%20concentrations%2C%20certificates%2C%20and%20minors%20in%20over,the%20undergraduate%20academic%20possibilities%20with%20our%20program%20finder.",★★☆☆☆,✕,✕,〇,✕,✕,✕,✕,✕,✕,✕,✕,29/05/2025
Hanken School of Economics,★★★★★,フィンランド,Helsinki,ヘルシンキ,都会,https://maps.app.goo.gl/CjWdzzibexnDmnn59,1909,,7%,★☆☆☆☆,,,,78,6.0,N/A,,,,,,★☆☆☆☆,N/A,N/A,N/A,N/A,https://www.hanken.fi/en/students/study-programmes,★☆☆☆☆,〇,〇,✕,✕,✕,✕,✕,✕,✕,✕,✕,29/05/2025
Hanover College,★★★☆☆,アメリカ,Hanover,インディアナ州,田舎,https://maps.app.goo.gl/21G5AcCZQF27kH81A,1827,,6%,★☆☆☆☆,,,,80,6.5,110,,,,,,★★★☆☆,N/A,N/A,N/A,N/A,https://www.hanover.edu/academics/programs/,★★★☆☆,✕,〇,✕,✕,✕,✕,✕,△,✕,✕,✕,29/05/2025
Hartwick College,★★★☆☆,アメリカ,Oneonta,ニューヨーク州,田舎,https://maps.app.goo.gl/hAe2YBQyz7nPT7Qb6,1797,,3%,★☆☆☆☆,,,,80,6.5,100,,,,,,★★☆☆☆,N/A,N/A,N/A,N/A,https://www.hartwick.edu/academics/majors-and-minors/,★★☆☆☆,✕,〇,✕,✕,✕,✕,✕,△,✕,✕,✕,29/05/2025
Harvard University,★★★★★,アメリカ,Boston,マサチューセッツ州,大都会,https://maps.app.goo.gl/GYn6VRwGcRtar3nz5,1636,,14%,★★★☆☆,,,,N/A,N/A,N/A,,,,,,★★★★★,"$2,8995","$3,002","$4,180","$13,997",https://www.harvard.edu/programs/,★☆☆☆☆,✕,✕,〇,〇,〇,〇,〇,✕,△,✕,✕,29/05/2025
Harvey Mudd College,★★★★★,アメリカ,,,,,1955,,,★★☆☆☆,,,,,,,,,,,,★★★★★,,,,,,★☆☆☆☆,,,,〇,✕,✕,✕,△,✕,✕,✕,
Haverford College,★★★★★,アメリカ,,,,,1833,,,★★☆☆☆,,,,,,,,,,,,★★★★★,,,,,,★☆☆☆☆,,,,〇,✕,✕,✕,△,✕,✕,✕,
Hawaii Pacific University,★★★☆☆,アメリカ,,,,,1965,,,★★★★★,,,,,,,,,,,,★★★☆☆,,,,,,★☆☆☆☆,,,,✕,✕,✕,✕,✕,✕,✕,〇,
Henderson State University,★★★☆☆,アメリカ,,,,,1890,,,★☆☆☆☆,,,,,,,,,,,,★☆☆☆☆,,,,,,★☆☆☆☆,,,,✕,✕,✕,✕,✕,✕,✕,✕,
Hendrix College,★★★★☆,アメリカ,,,,,1876,,,★☆☆☆☆,,,,,,,,,,,,★★★☆☆,,,,,,★★☆☆☆,,,,✕,✕,✕,✕,△,✕,✕,✕,
High Point University,★★★★☆,アメリカ,,,,,1924,,,★☆☆☆☆,,,,,,,,,,,,★★☆☆☆,,,,,,★☆☆☆☆,,,,✕,✕,✕,✕,△,✕,✕,✕,
Hilbert College,★★★☆☆,アメリカ,,,,,1957,,,★☆☆☆☆,,,,,,,,,,,,★★☆☆☆,,,,,,★★☆☆☆,,,,✕,✕,✕,✕,△,✕,✕,✕,
Hillsdale College,★★★★★,アメリカ,,,,,1844,,,★☆☆☆☆,,,,,,,,,,,,★★★★☆,,,,,,★★★☆☆,,,,✕,✕,✕,✕,△,✕,✕,✕,
Hobart and William Smith Colleges,★★★★★,アメリカ,,,,,1822,,,★☆☆☆☆,,,,,,,,,,,,★★★★☆,,,,,,★★☆☆☆,,,,✕,✕,✕,✕,△,✕,✕,✕,
Hohai University,★★★★★,,,,,,1915,,,★★☆☆☆,,,,,,,,,,,,★☆☆☆☆,,,,,,★☆☆☆☆,,,,✕,✕,✕,✕,✕,✕,✕,✕,
Hollins University,★★★★★,アメリカ,,,,,1842,,,★☆☆☆☆,,,,,,,,,,,,★★★★☆,,,,,,★★☆☆☆,,,,✕,✕,✕,✕,△,✕,✕,✕,
Hong Kong Baptist University,★★★☆☆,,,,,,1956,,,★★☆☆☆,,,,,,,,,,,,★☆☆☆☆,,,,,,★★☆☆☆,,,,✕,✕,✕,✕,✕,✕,✕,✕,
Hongik University,★★★☆☆,,,,,,1946,,,★☆☆☆☆,,,,,,,,,,,,★☆☆☆☆,,,,,,★☆☆☆☆,,,,✕,✕,✕,✕,✕,✕,✕,✕,
Hood College,★★★★☆,アメリカ,,,,,1893,,,★☆☆☆☆,,,,,,,,,,,,★★☆☆☆,,,,,,★☆☆☆☆,,,,✕,✕,✕,✕,✕,✕,✕,✕,
Houston Christian University,★★★☆☆,アメリカ,,,,,1960,,,★☆☆☆☆,,,,,,,,,,,,★★☆☆☆,,,,,,★☆☆☆☆,,,,✕,✕,✕,✕,✕,✕,✕,✕,
Howard University,★★★☆☆,アメリカ,,,,,1867,,,★☆☆☆☆,,,,,,,,,,,,★★★☆☆,,,,,,★☆☆☆☆,,,,✕,✕,✕,✕,✕,✕,✕,✕,
Huntingdon College,★★★☆☆,アメリカ,,,,,1854,,,★☆☆☆☆,,,,,,,,,,,,★★☆☆☆,,,,,,★☆☆☆☆,,,,✕,✕,✕,✕,✕,✕,✕,✕,
Husson University,★★★☆☆,,,,,,1898,,,★☆☆☆☆,,,,,,,,,,,,★★☆☆☆,,,,,,★☆☆☆☆,,,,✕,✕,✕,✕,✕,✕,✕,✕,
Idaho State University,★★★☆☆,アメリカ,,,,,1901,,,★☆☆☆☆,,,,,,,,,,,,★☆☆☆☆,,,,,,★☆☆☆☆,,,,✕,✕,✕,✕,✕,✕,✕,✕,
IE University,★★★★★,,,,,,1997,,,★★★☆☆,,,,,,,,,,,,★★☆☆☆,,,,,,★☆☆☆☆,,,,✕,✕,✕,✕,✕,✕,✕,✕,
IED Barcelona,★★★★★,,,,,,2002,,,★☆☆☆☆,,,,,,,,,,,,★☆☆☆☆,,,,,,★★☆☆☆,,,,✕,✕,✕,✕,✕,✕,✕,✕,
IIT Delhi - Abu Dhabi,★★★★★,,,,,,2024,,,★☆☆☆☆,,,,,,,,,,,,★★★☆☆,,,,,,★★★★★,,,,✕,✕,✕,✕,✕,✕,✕,✕,
Illinois Institute of Technology,★★★★★,アメリカ,,,,,1890,,,★★☆☆☆,,,,,,,,,,,,★★★☆☆,,,,,,★★☆☆☆,,,,✕,✕,✕,✕,✕,✕,✕,✕,
Illinois Wesleyan University,★★★★★,アメリカ,,,,,1850,,,★☆☆☆☆,,,,,,,,,,,,★★★★☆,,,,,,★★★☆☆,,,,✕,✕,✕,✕,△,✕,✕,✕,
Immaculate University,★★★☆☆,アメリカ,,,,,1920,,,★☆☆☆☆,,,,,,,,,,,,★★☆☆☆,,,,,,★☆☆☆☆,,,,✕,✕,✕,✕,✕,✕,✕,✕,
Indiana Tech / Indiana Institute of Technology,★★★☆☆,アメリカ,,,,,1930,,,★☆☆☆☆,,,,,,,,,,,,★★☆☆☆,,,,,,★☆☆☆☆,,,,✕,✕,✕,✕,✕,✕,✕,✕,
Indiana University Bloomington,★★★★☆,アメリカ,,,,,1820,,,★☆☆☆☆,,,,,,,,,,,,★☆☆☆☆,,,,,,★☆☆☆☆,,,,✕,✕,✕,✕,✕,✕,✕,✕,
Inha University,★★★★★,,,,,,1954,,,★★☆☆☆,,,,,,,,,,,,★☆☆☆☆,,,,,,★☆☆☆☆,,,,✕,✕,✕,✕,✕,✕,✕,✕,
Istanbul Technical University,★★★★☆,,,,,,1773,,,★☆☆☆☆,,,,,,,,,,,,★☆☆☆☆,,,,,,★☆☆☆☆,,,,✕,✕,✕,✕,✕,✕,✕,✕,
Ithaca College,★★★★☆,アメリカ,,,,,1892,,,★★☆☆☆,,,,,,,,,,,,★★★☆☆,,,,,,★★☆☆☆,,,,✕,✕,✕,✕,✕,✕,✕,✕,
Jacksonville University,★★★☆☆,アメリカ,,,,,1934,,,★☆☆☆☆,,,,,,,,,,,,★★☆☆☆,,,,,,★☆☆☆☆,,,,✕,✕,✕,✕,✕,✕,✕,✕,
James Madison University,★★★☆☆,アメリカ,,,,,1908,,,★☆☆☆☆,,,,,,,,,,,,★★☆☆☆,,,,,,★☆☆☆☆,,,,✕,✕,✕,✕,✕,✕,✕,✕,
Jilin University,★★★☆☆,,,,,,1946,,,★☆☆☆☆,,,,,,,,,,,,★☆☆☆☆,,,,,,★☆☆☆☆,,,,✕,✕,✕,✕,✕,✕,✕,✕,
John Brown University,★★★☆☆,アメリカ,,,,,1919,,,★☆☆☆☆,,,,,,,,,,,,★★☆☆☆,,,,,,★☆☆☆☆,,,,✕,✕,✕,✕,✕,✕,✕,✕,
John Carrol University,★★★☆☆,アメリカ,,,,,1886,,,★☆☆☆☆,,,,,,,,,,,,★★☆☆☆,,,,,,★☆☆☆☆,,,,✕,✕,✕,✕,✕,✕,✕,✕,
Johns Hopkins University,★★★★★,アメリカ,,,,,1876,,,★★★☆☆,,,,,,,,,,,,★★★☆☆,,,,,,★☆☆☆☆,,,,〇,〇,〇,✕,✕,✕,✕,✕,
Juniata College,★★★★☆,アメリカ,,,,,1876,,,★★☆☆☆,,,,,,,,,,,,★★★☆☆,,,,,,★★☆☆☆,,,,✕,✕,✕,✕,△,✕,✕,✕,
KAIST,★★★★★,,,,,,1971,,,★★☆☆☆,,,,,,,,,,,,★☆☆☆☆,,,,,,★☆☆☆☆,,,,✕,✕,✕,✕,✕,✕,✕,✕,
Kalamazoo College,★★★★★,アメリカ,,,,,1833,,,★★☆☆☆,,,,,,,,,,,,★★★★☆,,,,,,★★☆☆☆,,,,✕,✕,✕,✕,△,✕,✕,✕,
Kangwon National University,★★★☆☆,,,,,,1947,,,★☆☆☆☆,,,,,,,,,,,,★☆☆☆☆,,,,,,★☆☆☆☆,,,,✕,✕,✕,✕,✕,✕,✕,✕,
Karlstad University,★★★☆☆,,,,,,1999,,,★☆☆☆☆,,,,,,,,,,,,★☆☆☆☆,,,,,,★☆☆☆☆,,,,✕,✕,✕,✕,✕,✕,✕,✕,
Kaunas University of Technology,★★★★☆,,,,,,1922,,,★☆☆☆☆,,,,,,,,,,,,★★☆☆☆,,,,,,★★☆☆☆,,,,✕,✕,✕,✕,✕,✕,✕,✕,
Kentucky Wesleyan College,★★★☆☆,アメリカ,,,,,1858,,,★☆☆☆☆,,,,,,,,,,,,★★☆☆☆,,,,,,★☆☆☆☆,,,,✕,✕,✕,✕,△,✕,✕,✕,
Kenyon College,★★★★★,アメリカ,,,,,1824,,,★☆☆☆☆,,,,,,,,,,,,★★★★☆,,,,,,★★☆☆☆,,,,✕,✕,✕,✕,△,✕,✕,✕,
Kettering College,★★★★☆,アメリカ,,,,,1967,,,★☆☆☆☆,,,,,,,,,,,,★★☆☆☆,,,,,,★☆☆☆☆,,,,✕,✕,✕,✕,✕,✕,✕,✕,
Keuka College,★★★☆☆,アメリカ,,,,,1890,,,★☆☆☆☆,,,,,,,,,,,,★★☆☆☆,,,,,,★☆☆☆☆,,,,✕,✕,✕,✕,✕,✕,✕,✕,
KIIT University,★★★★★,,,,,,2004,,,★☆☆☆☆,,,,,,,,,,,,★★★☆☆,,,,,,★★★☆☆,,,,✕,✕,✕,✕,✕,✕,✕,✕,
Kingswood University,★★★☆☆,アメリカ,,,,,1945,,,★☆☆☆☆,,,,,,,,,,,,★★☆☆☆,,,,,,★☆☆☆☆,,,,✕,✕,✕,✕,✕,✕,✕,✕,
Knox College,★★★★★,アメリカ,,,,,1837,,,★★★★★,,,,,,,,,,,,★★★★★,,,,,,★☆☆☆☆,,,,✕,✕,✕,✕,〇,✕,✕,✕,
Koc University,★★★★★,,,,,,1993,,,★☆☆☆☆,,,,,,,,,,,,★☆☆☆☆,,,,,,★★★☆☆,,,,✕,✕,✕,✕,✕,✕,✕,✕,
Kutztown University of Pennsylvania,★★★☆☆,アメリカ,,,,,1866,,,★☆☆☆☆,,,,,,,,,,,,★★☆☆☆,,,,,,★☆☆☆☆,,,,✕,✕,✕,✕,✕,✕,✕,✕,
Kuwantlen Polytechnic University,★★★☆☆,,,,,,1981,,,★☆☆☆☆,,,,,,,,,,,,★☆☆☆☆,,,,,,★☆☆☆☆,,,,✕,✕,✕,✕,✕,✕,✕,✕,
Kyung Hee University,★★★☆☆,,,,,,1949,,,★☆☆☆☆,,,,,,,,,,,,★☆☆☆☆,,,,,,★☆☆☆☆,,,,✕,✕,✕,✕,✕,✕,✕,✕,
La Roche University,★★★☆☆,アメリカ,,,,,1963,,,★☆☆☆☆,,,,,,,,,,,,★★★☆☆,,,,,,★☆☆☆☆,,,,✕,✕,✕,✕,✕,✕,✕,✕,
Lafayette University,★★★★★,アメリカ,,,,,1826,,,★☆☆☆☆,,,,,,,,,,,,★★★★★,,,,,,★★★☆☆,,,,✕,✕,✕,✕,△,✕,✕,✕,
Lake Forest College,★★★★★,アメリカ,,,,,1857,,,★★★☆☆,,,,,,,,,,,,★★★★☆,,,,,,★☆☆☆☆,,,,✕,✕,✕,✕,〇,✕,✕,✕,
Lake Superior State University,★★★☆☆,アメリカ,,,,,1946,,,★☆☆☆☆,,,,,,,,,,,,★☆☆☆☆,,,,,,★☆☆☆☆,,,,✕,✕,✕,✕,✕,✕,✕,✕,
Lamar University,★★★☆☆,アメリカ,,,,,1923,,,★☆☆☆☆,,,,,,,,,,,,★☆☆☆☆,,,,,,★☆☆☆☆,,,,✕,✕,✕,✕,✕,✕,✕,✕,
Landolph-Macon College,★★★☆☆,アメリカ,,,,,1830,,,★☆☆☆☆,,,,,,,,,,,,★★★☆☆,,,,,,★☆☆☆☆,,,,✕,✕,✕,✕,△,✕,✕,✕,
Lawrence University,★★★★★,アメリカ,,,,,1847,,,★★☆☆☆,,,,,,,,,,,,★★★★☆,,,,,,★★☆☆☆,,,,✕,✕,✕,✕,✕,✕,✕,✕,
Le Moyne College,★★★☆☆,アメリカ,,,,,1946,,,★☆☆☆☆,,,,,,,,,,,,★★☆☆☆,,,,,,★☆☆☆☆,,,,✕,✕,✕,✕,✕,✕,✕,✕,
Lee University,★★☆☆☆,アメリカ,,,,,1918,,,★☆☆☆☆,,,,,,,,,,,,★☆☆☆☆,,,,,,★☆☆☆☆,,,,✕,✕,✕,✕,✕,✕,✕,✕,
Lehigh University,★★★★★,アメリカ,,,,,1865,,,★☆☆☆☆,,,,,,,,,,,,★★★★☆,,,,,,★★★☆☆,,,,✕,✕,✕,✕,✕,✕,✕,✕,
Lenoir-Rhyne University,★★★☆☆,アメリカ,,,,,1891,,,★☆☆☆☆,,,,,,,,,,,,★☆☆☆☆,,,,,,★☆☆☆☆,,,,✕,✕,✕,✕,✕,✕,✕,✕,
Levanon Valley College,★★★☆☆,アメリカ,,,,,1866,,,★★☆☆☆,,,,,,,,,,,,★★☆☆☆,,,,,,★☆☆☆☆,,,,✕,✕,✕,✕,✕,✕,✕,〇,
Lewis & Clark College,★★★★★,アメリカ,,,,,1867,,,★★☆☆☆,,,,,,,,,,,,★★★☆☆,,,,,,★☆☆☆☆,,,,✕,✕,✕,✕,〇,✕,✕,✕,
Lewis University,★★★★★,アメリカ,,,,,1932,,,★★☆☆☆,,,,,,,,,,,,★★★★☆,,,,,,★★☆☆☆,,,,✕,✕,✕,✕,✕,✕,✕,✕,
Liberty University,★★★☆☆,アメリカ,,,,,1971,,,★☆☆☆☆,,,,,,,,,,,,★☆☆☆☆,,,,,,★☆☆☆☆,,,,✕,✕,✕,✕,✕,✕,✕,✕,
Lindenwood University,★★★☆☆,アメリカ,,,,,1827,,,★☆☆☆☆,,,,,,,,,,,,★★★☆☆,,,,,,★☆☆☆☆,,,,✕,✕,✕,✕,✕,✕,✕,✕,
Lindsey Wilson College,★★★☆☆,アメリカ,,,,,1903,,,★☆☆☆☆,,,,,,,,,,,,★★★☆☆,,,,,,★★☆☆☆,,,,✕,✕,✕,✕,✕,✕,✕,✕,
Linfield University,★★★☆☆,アメリカ,,,,,1858,,,★☆☆☆☆,,,,,,,,,,,,★★☆☆☆,,,,,,★☆☆☆☆,,,,✕,✕,✕,✕,✕,✕,✕,✕,
Lipscomb University,★★★☆☆,アメリカ,,,,,1891,,,★☆☆☆☆,,,,,,,,,,,,★★☆☆☆,,,,,,★☆☆☆☆,,,,✕,✕,✕,✕,✕,✕,✕,✕,
Loras College,★★★★☆,アメリカ,,,,,1839,,,★☆☆☆☆,,,,,,,,,,,,★★★★☆,,,,,,★★★★☆,,,,✕,✕,✕,✕,✕,✕,✕,〇,
Louisiana State University Baton Rouge,★★★☆☆,アメリカ,,,,,1860,,,★☆☆☆☆,,,,,,,,,,,,★☆☆☆☆,,,,,,★☆☆☆☆,,,,✕,✕,✕,✕,✕,✕,✕,✕,
Louisiana Tech University,★★★☆☆,アメリカ,,,,,1894,,,★☆☆☆☆,,,,,,,,,,,,★☆☆☆☆,,,,,,★☆☆☆☆,,,,✕,✕,✕,✕,✕,✕,✕,✕,
Loyola Marymount University,★★★☆☆,アメリカ,,,,,1911,,,★☆☆☆☆,,,,,,,,,,,,★★☆☆☆,,,,,,★☆☆☆☆,,,,✕,✕,✕,✕,✕,✕,✕,✕,
Loyola University Chicago,★★★☆☆,アメリカ,,,,,1870,,,★☆☆☆☆,,,,,,,,,,,,★★★☆☆,,,,,,★★☆☆☆,,,,✕,✕,✕,✕,✕,✕,✕,✕,
Loyola University Maryland,★★★☆☆,アメリカ,,,,,1852,,,★☆☆☆☆,,,,,,,,,,,,★★★☆☆,,,,,,★☆☆☆☆,,,,✕,✕,✕,✕,✕,✕,✕,✕,
Lund University,★★★★★,,,,,,1866,,,★★☆☆☆,,,,,,,,,,,,★★☆☆☆,,,,,,★☆☆☆☆,,,,✕,✕,✕,✕,✕,✕,✕,✕,
Luther College,★★★★★,アメリカ,,,,,1861,,,★☆☆☆☆,,,,,,,,,,,,★★★☆☆,,,,,,★★☆☆☆,,,,✕,✕,✕,✕,△,✕,✕,✕,
Lycoming College,★★★★★,アメリカ,,,,,1812,,,★☆☆☆☆,,,,,,,,,,,,★★★★☆,,,,,,★☆☆☆☆,,,,✕,✕,✕,✕,△,✕,✕,✕,
Macalester College,★★★★★,アメリカ,,,,,1874,,,★☆☆☆☆,,,,,,,,,,,,★★★★☆,,,,,,★☆☆☆☆,,,,〇,〇,✕,✕,△,✕,✕,✕,
Madonna University,★★★☆☆,アメリカ,,,,,1937,,,★☆☆☆☆,,,,,,,,,,,,★★☆☆☆,,,,,,★☆☆☆☆,,,,✕,✕,✕,✕,✕,✕,✕,✕,
MAHSA University,★★★☆☆,,,,,,2005,,,★☆☆☆☆,,,,,,,,,,,,★☆☆☆☆,,,,,,★☆☆☆☆,,,,✕,✕,✕,✕,✕,✕,✕,✕,
Malardalen University,★★★☆☆,,,,,,2022,,,★☆☆☆☆,,,,,,,,,,,,★☆☆☆☆,,,,,,★☆☆☆☆,,,,✕,✕,✕,✕,✕,✕,✕,✕,
Malmo University,★★★☆☆,アメリカ,,,,,1998,,,★☆☆☆☆,,,,,,,,,,,,★★☆☆☆,,,,,,★☆☆☆☆,,,,✕,✕,✕,✕,✕,✕,✕,✕,
Malone University,★★★☆☆,アメリカ,,,,,1892,,,★☆☆☆☆,,,,,,,,,,,,★★☆☆☆,,,,,,★☆☆☆☆,,,,✕,✕,✕,✕,✕,✕,✕,✕,
Manhattan School of Music,★★★★★,アメリカ,,,,,1917,,,★☆☆☆☆,,,,,,,,,,,,★★☆☆☆,,,,,,★☆☆☆☆,,,,✕,✕,✕,✕,✕,✕,✕,✕,
Manhattanville College,★★★☆☆,アメリカ,,,,,1841,,,★★☆☆☆,,,,,,,,,,,,★★☆☆☆,,,,,,★☆☆☆☆,,,,✕,✕,✕,✕,✕,✕,✕,✕,
Marietta College,★★★☆☆,アメリカ,,,,,1835,,,★☆☆☆☆,,,,,,,,,,,,★★☆☆☆,,,,,,★☆☆☆☆,,,,✕,✕,✕,✕,✕,✕,✕,✕,
Marist College,★★★☆☆,アメリカ,,,,,1929,,,★☆☆☆☆,,,,,,,,,,,,★★☆☆☆,,,,,,★☆☆☆☆,,,,✕,✕,✕,✕,✕,✕,✕,✕,
Mars Hill University,★★★☆☆,アメリカ,,,,,1856,,,★☆☆☆☆,,,,,,,,,,,,★★☆☆☆,,,,,,★☆☆☆☆,,,,✕,✕,✕,✕,✕,✕,✕,✕,
Mary Baldwin University,★★★☆☆,アメリカ,,,,,1842,,,★☆☆☆☆,,,,,,,,,,,,★★☆☆☆,,,,,,★☆☆☆☆,,,,✕,✕,✕,✕,✕,✕,✕,✕,
Maryland Insitute College of Art,★★★★☆,アメリカ,,,,,1826,,,★☆☆☆☆,,,,,,,,,,,,★★☆☆☆,,,,,,★☆☆☆☆,,,,✕,✕,✕,✕,✕,✕,✕,✕,
Marymount University,★★★☆☆,アメリカ,,,,,1950,,,★☆☆☆☆,,,,,,,,,,,,★★☆☆☆,,,,,,★☆☆☆☆,,,,✕,✕,✕,✕,✕,✕,✕,✕,
Maryville College,★★★☆☆,アメリカ,,,,,1819,,,★☆☆☆☆,,,,,,,,,,,,★★☆☆☆,,,,,,★☆☆☆☆,,,,✕,✕,✕,✕,✕,✕,✕,✕,
Maryville University of Saint Louis,★★★★☆,アメリカ,,,,,1872,,,★☆☆☆☆,,,,,,,,,,,,★★☆☆☆,,,,,,★★☆☆☆,,,,✕,✕,✕,✕,✕,✕,✕,✕,
Marywood University,★★★☆☆,アメリカ,,,,,1915,,,★☆☆☆☆,,,,,,,,,,,,★★☆☆☆,,,,,,★☆☆☆☆,,,,✕,✕,✕,✕,✕,✕,✕,✕,
Massachusetts Institute of Technology,★★★★★,アメリカ,,,,,1861,,,★★★☆☆,,,,,,,,,,,,★★★★★,,,,,,★☆☆☆☆,,,,〇,〇,〇,〇,✕,△,✕,✕,
Masstricht University,★★★★★,オランダ,,,,,1976,,,★★★★☆,,,,,,,,,,,,★☆☆☆☆,,,,,,★☆☆☆☆,,,,✕,✕,✕,✕,✕,✕,✕,✕,
McMaster University,★★★★★,カナダ,,,,,1887,,,★★★☆☆,,,,,,,,,,,,★★☆☆☆,,,,,,★☆☆☆☆,,,,✕,✕,✕,✕,✕,△,✕,✕,
McPherson College,★★★★☆,アメリカ,,,,,1887,,,★☆☆☆☆,,,,,,,,,,,,★★★☆☆,,,,,,★★☆☆☆,,,,✕,✕,✕,✕,△,✕,✕,✕,
Mender University Brno,★★★☆☆,,,,,,1919,,,★☆☆☆☆,,,,,,,,,,,,★☆☆☆☆,,,,,,★☆☆☆☆,,,,✕,✕,✕,✕,✕,✕,✕,✕,
Mercer University,★★★☆☆,アメリカ,,,,,1833,,,★☆☆☆☆,,,,,,,,,,,,★★★☆☆,,,,,,★☆☆☆☆,,,,✕,✕,✕,✕,✕,✕,〇,✕,
Mercy University,★★★☆☆,アメリカ,,,,,1950,,,★☆☆☆☆,,,,,,,,,,,,★★☆☆☆,,,,,,★☆☆☆☆,,,,✕,✕,✕,✕,✕,✕,✕,✕,
Mercyhurst University,★★★☆☆,アメリカ,,,,,1926,,,★☆☆☆☆,,,,,,,,,,,,★★☆☆☆,,,,,,★☆☆☆☆,,,,✕,✕,✕,✕,✕,✕,✕,✕,
Meredith College,★★★☆☆,アメリカ,,,,,1891,,,★☆☆☆☆,,,,,,,,,,,,★★☆☆☆,,,,,,★☆☆☆☆,,,,✕,✕,✕,✕,✕,✕,✕,✕,
Methodist University,★★★☆☆,アメリカ,,,,,1956,,,★☆☆☆☆,,,,,,,,,,,,★★☆☆☆,,,,,,★☆☆☆☆,,,,✕,✕,✕,✕,✕,✕,✕,✕,
Miami University,★★★★☆,アメリカ,,,,,1809,,,★★☆☆☆,,,,,,,,,,,,★☆☆☆☆,,,,,,★☆☆☆☆,,,,✕,✕,✕,✕,✕,✕,✕,〇,
Michigan State University,★★★★★,アメリカ,,,,,1855,,,★★★★★,,,,,,,,,,,,★☆☆☆☆,,,,,,★☆☆☆☆,,,,✕,✕,〇,✕,✕,△,✕,〇,
Michigan Technological University,★★★★★,アメリカ,,,,,1885,,,★★☆☆☆,,,,,,,,,,,,★☆☆☆☆,,,,,,★☆☆☆☆,,,,✕,✕,✕,✕,✕,✕,✕,✕,
Middle East University,★★★☆☆,アメリカ,,,,,1939,,,★☆☆☆☆,,,,,,,,,,,,★☆☆☆☆,,,,,,★☆☆☆☆,,,,✕,✕,✕,✕,✕,✕,✕,✕,
Middlebury College,★★★★★,アメリカ,,,,,1800,,,★★☆☆☆,,,,,,,,,,,,★★★★★,,,,,,★☆☆☆☆,,,,〇,〇,✕,✕,△,✕,✕,✕,
Midland University,★★★☆☆,アメリカ,,,,,1883,,,★☆☆☆☆,,,,,,,,,,,,★★☆☆☆,,,,,,★☆☆☆☆,,,,✕,✕,✕,✕,✕,✕,✕,✕,
Midway University,★★★☆☆,アメリカ,,,,,1847,,,★☆☆☆☆,,,,,,,,,,,,★★☆☆☆,,,,,,★☆☆☆☆,,,,✕,✕,✕,✕,✕,✕,✕,✕,
Midwestern State University,★★★☆☆,アメリカ,,,,,1922,,,★☆☆☆☆,,,,,,,,,,,,★☆☆☆☆,,,,,,★☆☆☆☆,,,,✕,✕,✕,✕,✕,✕,✕,✕,
Millikin University,★★★★☆,アメリカ,,,,,1901,,,★☆☆☆☆,,,,,,,,,,,,★★☆☆☆,,,,,,★★☆☆☆,,,,✕,✕,✕,✕,△,✕,✕,✕,
Millsaps College,★★★★☆,アメリカ,,,,,1890,,,★☆☆☆☆,,,,,,,,,,,,★★☆☆☆,,,,,,★★☆☆☆,,,,✕,✕,✕,✕,△,✕,✕,✕,
Milwaukee Institute of Art and Design,★★★★☆,アメリカ,,,,,1974,,,★☆☆☆☆,,,,,,,,,,,,★★☆☆☆,,,,,,★☆☆☆☆,,,,✕,✕,✕,✕,✕,✕,✕,✕,
Minerva University,★★★★★,アメリカ,,,,,2012,,,★★★★☆,,,,,,,,,,,,★★★★☆,,,,,,★☆☆☆☆,,,,✕,〇,✕,✕,✕,✕,✕,✕,
Minneapolis College of Art and Design,★★★★★,アメリカ,,,,,1886,,,★☆☆☆☆,,,,,,,,,,,,★★☆☆☆,,,,,,★☆☆☆☆,,,,✕,✕,✕,✕,✕,✕,✕,✕,
Misericordia University,★★★☆☆,,,,,,1924,,,★☆☆☆☆,,,,,,,,,,,,★☆☆☆☆,,,,,,★☆☆☆☆,,,,✕,✕,✕,✕,✕,✕,✕,✕,
Mississippi College,★★★☆☆,アメリカ,,,,,1826,,,★☆☆☆☆,,,,,,,,,,,,★★☆☆☆,,,,,,★☆☆☆☆,,,,✕,✕,✕,✕,✕,✕,✕,✕,
Mississippi University for Women,★★★☆☆,アメリカ,,,,,1884,,,★☆☆☆☆,,,,,,,,,,,,★☆☆☆☆,,,,,,★☆☆☆☆,,,,✕,✕,✕,✕,✕,✕,✕,✕,
Mississippi Valley State University,★★★☆☆,アメリカ,,,,,1950,,,★☆☆☆☆,,,,,,,,,,,,★☆☆☆☆,,,,,,★☆☆☆☆,,,,✕,✕,✕,✕,✕,✕,✕,✕,
Molloy University,★★★☆☆,アメリカ,,,,,1955,,,★☆☆☆☆,,,,,,,,,,,,★☆☆☆☆,,,,,,★☆☆☆☆,,,,✕,✕,✕,✕,✕,✕,✕,✕,
Monmouse College,★★★☆☆,アメリカ,,,,,1853,,,★☆☆☆☆,,,,,,,,,,,,★☆☆☆☆,,,,,,★☆☆☆☆,,,,✕,✕,✕,✕,✕,✕,✕,✕,
Montana State University,★★★☆☆,アメリカ,,,,,1893,,,★☆☆☆☆,,,,,,,,,,,,★☆☆☆☆,,,,,,★☆☆☆☆,,,,✕,✕,✕,✕,✕,✕,✕,✕,
Montana Technological University,★★★☆☆,アメリカ,,,,,1900,,,★☆☆☆☆,,,,,,,,,,,,★☆☆☆☆,,,,,,★☆☆☆☆,,,,✕,✕,✕,✕,✕,✕,✕,✕,
Montreat College,★★★☆☆,,,,,,1916,,,★☆☆☆☆,,,,,,,,,,,,★☆☆☆☆,,,,,,★☆☆☆☆,,,,✕,✕,✕,✕,✕,✕,✕,✕,
Montreat College of Art,★★★★☆,,,,,,1970,,,★☆☆☆☆,,,,,,,,,,,,★☆☆☆☆,,,,,,★☆☆☆☆,,,,✕,✕,✕,✕,✕,✕,✕,✕,
Moravian University,★★★☆☆,アメリカ,,,,,1742,,,★☆☆☆☆,,,,,,,,,,,,★★☆☆☆,,,,,,★☆☆☆☆,,,,✕,✕,✕,✕,✕,✕,✕,✕,
Morehead State University,★★★☆☆,アメリカ,,,,,1887,,,★☆☆☆☆,,,,,,,,,,,,★☆☆☆☆,,,,,,★☆☆☆☆,,,,✕,✕,✕,✕,✕,✕,✕,✕,
Mornigside University,★★★☆☆,アメリカ,,,,,1894,,,★☆☆☆☆,,,,,,,,,,,,★★☆☆☆,,,,,,★☆☆☆☆,,,,✕,✕,✕,✕,✕,✕,✕,✕,
Mount Holyoke College,★★★★★,アメリカ,,,,,1837,,,★★☆☆☆,,,,,,,,,,,,★★★★★,,,,,,★☆☆☆☆,,,,✕,✕,✕,✕,✕,✕,✕,✕,
Mount Marty University,★★★☆☆,アメリカ,,,,,1936,,,★☆☆☆☆,,,,,,,,,,,,★★☆☆☆,,,,,,★☆☆☆☆,,,,✕,✕,✕,✕,✕,✕,✕,✕,
Mount Saint Mary College,★★★☆☆,アメリカ,,,,,1959,,,★☆☆☆☆,,,,,,,,,,,,★★☆☆☆,,,,,,★☆☆☆☆,,,,✕,✕,✕,✕,✕,✕,✕,✕,
Mount Saint Mary's University,★★★☆☆,アメリカ,,,,,1925,,,★☆☆☆☆,,,,,,,,,,,,★★☆☆☆,,,,,,★☆☆☆☆,,,,✕,✕,✕,✕,✕,✕,✕,✕,
Mount St. Joseph University,★★★☆☆,アメリカ,,,,,1920,,,★☆☆☆☆,,,,,,,,,,,,★★★☆☆,,,,,,★☆☆☆☆,,,,✕,✕,✕,✕,✕,✕,✕,✕,
Muhlenberg College,★★★★☆,アメリカ,,,,,1848,,,★☆☆☆☆,,,,,,,,,,,,★★★☆☆,,,,,,★★☆☆☆,,,,✕,✕,✕,✕,△,✕,✕,✕,
Muskingum University,★★★☆☆,アメリカ,,,,,1837,,,★☆☆☆☆,,,,,,,,,,,,★★☆☆☆,,,,,,★☆☆☆☆,,,,✕,✕,✕,✕,✕,✕,✕,✕,
Myongji University,★★★☆☆,,,,,,1948,,,★☆☆☆☆,,,,,,,,,,,,★☆☆☆☆,,,,,,★☆☆☆☆,,,,✕,✕,✕,✕,✕,✕,✕,✕,
Nanyang Technological University,★★★★★,,,,,,1991,,,★★★★★,,,,,,,,,,,,★☆☆☆☆,,,,,,★☆☆☆☆,,,,✕,✕,✕,✕,✕,✕,✕,✕,
National Central University,★★★☆☆,,,,,,1915,,,★★☆☆☆,,,,,,,,,,,,★☆☆☆☆,,,,,,★☆☆☆☆,,,,✕,✕,✕,✕,✕,✕,✕,✕,
National Cheng Kung University,★★★☆☆,,,,,,1931,,,★★☆☆☆,,,,,,,,,,,,★☆☆☆☆,,,,,,★☆☆☆☆,,,,✕,✕,✕,✕,✕,✕,✕,✕,
National Chengchi University,★★★☆☆,,,,,,1927,,,★★☆☆☆,,,,,,,,,,,,★☆☆☆☆,,,,,,★☆☆☆☆,,,,✕,✕,✕,✕,✕,✕,✕,✕,
National Chung Hsing University,★★★☆☆,,,,,,1919,,,★★☆☆☆,,,,,,,,,,,,★☆☆☆☆,,,,,,★☆☆☆☆,,,,✕,✕,✕,✕,✕,✕,✕,✕,
National Dong Hwa University,★★★☆☆,,,,,,1994,,,★★☆☆☆,,,,,,,,,,,,★☆☆☆☆,,,,,,★☆☆☆☆,,,,✕,✕,✕,✕,✕,✕,✕,✕,
National Taiwan Normal University,★★★★★,,,,,,1946,,,★★★★★,,,,,,,,,,,,★☆☆☆☆,,,,,,★☆☆☆☆,,,,✕,✕,✕,✕,✕,✕,✕,✕,
National Taiwan University,★★★★★,,,,,,1928,,,★★★★★,,,,,,,,,,,,★☆☆☆☆,,,,,,★☆☆☆☆,,,,✕,✕,✕,✕,✕,✕,✕,✕,
National Tsing Hua University,★★★★★,,,,,,1911,,,★★☆☆☆,,,,,,,,,,,,★☆☆☆☆,,,,,,★☆☆☆☆,,,,✕,✕,✕,✕,✕,✕,✕,✕,
National University of Singapore,★★★★★,,,,,,1905,,,★★☆☆☆,,,,,,,,,,,,★☆☆☆☆,,,,,,★☆☆☆☆,,,,✕,✕,✕,✕,✕,✕,✕,✕,
National Yulin University of Science and Technology,★★★★★,,,,,,1991,,,★★★★★,,,,,,,,,,,,★★★★★,,,,,,★★☆☆☆,,,,✕,✕,✕,✕,✕,✕,✕,✕,
New Saint Andrews College,★★★★☆,アメリカ,,,,,1994,,,★☆☆☆☆,,,,,,,,,,,,★★★☆☆,,,,,,★★☆☆☆,,,,✕,✕,✕,✕,✕,✕,✕,✕,
New York Institute of Technology,★★★☆☆,アメリカ,,,,,1955,,,★☆☆☆☆,,,,,,,,,,,,★★☆☆☆,,,,,,★☆☆☆☆,,,,✕,✕,✕,✕,✕,✕,✕,✕,
New York School of Interior Design,★★★★☆,アメリカ,,,,,1916,,,★☆☆☆☆,,,,,,,,,,,,★★☆☆☆,,,,,,★☆☆☆☆,,,,✕,✕,✕,✕,✕,✕,✕,✕,
New York University,★★★★★,アメリカ,,,,,1831,,,★★★☆☆,,,,,,,,,,,,★★★★☆,,,,,,★☆☆☆☆,,,,〇,〇,✕,✕,✕,〇,✕,✕,
New York University Abu Dhabi,★★★★★,アメリカ,,,,,2010,,,★★★★★,,,,,,,,,,,,★★★★☆,,,,,,★★★☆☆,,,,✕,✕,✕,✕,✕,✕,✕,✕,
New York University Shanghai,★★★★★,アメリカ,,,,,2012,,,★★★☆☆,,,,,,,,,,,,★★★★☆,,,,,,★★★★☆,,,,✕,✕,✕,✕,✕,✕,✕,✕,
Niagara University,★★★☆☆,アメリカ,,,,,1856,,,★☆☆☆☆,,,,,,,,,,,,★★☆☆☆,,,,,,★☆☆☆☆,,,,✕,✕,✕,✕,✕,✕,✕,✕,
Northern Illinois University,★★★☆☆,アメリカ,,,,,1895,,,★☆☆☆☆,,,,,,,,,,,,★☆☆☆☆,,,,,,★☆☆☆☆,,,,✕,✕,✕,✕,✕,✕,✕,✕,
Northern Kentucky University,★★★☆☆,アメリカ,,,,,1968,,,★☆☆☆☆,,,,,,,,,,,,★☆☆☆☆,,,,,,★☆☆☆☆,,,,✕,✕,✕,✕,✕,✕,✕,✕,
Northern State University,★★★☆☆,アメリカ,,,,,1901,,,★☆☆☆☆,,,,,,,,,,,,★☆☆☆☆,,,,,,★☆☆☆☆,,,,✕,✕,✕,✕,✕,✕,✕,✕,
Northland College,★★★☆☆,アメリカ,,,,,1892,,,★☆☆☆☆,,,,,,,,,,,,★★★☆☆,,,,,,★★☆☆☆,,,,✕,✕,✕,✕,✕,✕,✕,✕,
Northwest Nazarene University,★★★☆☆,アメリカ,,,,,1913,,,★☆☆☆☆,,,,,,,,,,,,★★☆☆☆,,,,,,★☆☆☆☆,,,,✕,✕,✕,✕,✕,✕,✕,✕,
Northwest University,★★★☆☆,アメリカ,,,,,1934,,,★☆☆☆☆,,,,,,,,,,,,★★☆☆☆,,,,,,★☆☆☆☆,,,,✕,✕,✕,✕,✕,△,✕,✕,
Northwestern College,★★★☆☆,アメリカ,,,,,1882,,,★☆☆☆☆,,,,,,,,,,,,★★☆☆☆,,,,,,★★☆☆☆,,,,✕,✕,✕,✕,✕,✕,✕,✕,
Northwestern University,★★★★★,アメリカ,,,,,1851,,,★★☆☆☆,,,,,,,,,,,,★★★★★,,,,,,★☆☆☆☆,,,,〇,〇,〇,✕,✕,✕,✕,✕,
Northwestern University in Qatar,★★★★★,アメリカ,,,,,2008,,,★☆☆☆☆,,,,,,,,,,,,★★★★☆,,,,,,★★★★☆,,,,✕,✕,✕,✕,✕,✕,✕,✕,
Nothwest College of Art & Design,★★★★☆,アメリカ,,,,,1982,,,★☆☆☆☆,,,,,,,,,,,,★★☆☆☆,,,,,,★☆☆☆☆,,,,✕,✕,✕,✕,✕,✕,✕,✕,
Oberlin College,★★★★★,アメリカ,,,,,1833,,,★★☆☆☆,,,,,,,,,,,,★★★★☆,,,,,,★☆☆☆☆,,,,✕,✕,✕,✕,△,✕,〇,✕,
Occidental College,★★★★★,アメリカ,,,,,1887,,,★☆☆☆☆,,,,,,,,,,,,★★★★☆,,,,,,★☆☆☆☆,,,,✕,✕,✕,✕,△,✕,✕,✕,
Oglethorpe University,★★★★★,アメリカ,,,,,1913,,,★☆☆☆☆,,,,,,,,,,,,★★★★☆,,,,,,★★★★☆,,,,✕,✕,✕,✕,△,✕,✕,✕,
Ohio University,★★★★☆,アメリカ,,,,,1804,,,★☆☆☆☆,,,,,,,,,,,,★★☆☆☆,,,,,,★☆☆☆☆,,,,✕,✕,✕,✕,✕,✕,✕,✕,
Ohio Wesleyan University,★★★★★,アメリカ,,,,,1842,,,★★☆☆☆,,,,,,,,,,,,★★★★☆,,,,,,★☆☆☆☆,,,,✕,✕,✕,✕,〇,✕,✕,✕,
Oklahoma State University Institute of Technology,★★★☆☆,アメリカ,,,,,1946,,,★☆☆☆☆,,,,,,,,,,,,★☆☆☆☆,,,,,,★☆☆☆☆,,,,✕,✕,✕,✕,✕,✕,✕,✕,
Old Dominion University,★★★☆☆,アメリカ,,,,,1962,,,★☆☆☆☆,,,,,,,,,,,,★☆☆☆☆,,,,,,★☆☆☆☆,,,,✕,✕,✕,✕,✕,✕,✕,〇,
Olin Collegeof Engineering,★★★★★,アメリカ,,,,,1997,,,★☆☆☆☆,,,,,,,,,,,,★★★☆☆,,,,,,★★☆☆☆,,,,✕,✕,✕,✕,✕,✕,✕,✕,
Ontalio Tech University,★★★★☆,,,,,,2002,,,★☆☆☆☆,,,,,,,,,,,,★☆☆☆☆,,,,,,★☆☆☆☆,,,,✕,✕,✕,✕,✕,✕,✕,✕,
Otis College of Art and Design,★★★★☆,アメリカ,,,,,1918,,,★☆☆☆☆,,,,,,,,,,,,★★☆☆☆,,,,,,★☆☆☆☆,,,,✕,✕,✕,✕,✕,✕,✕,✕,
Otterbein University,★★★☆☆,アメリカ,,,,,1847,,,★☆☆☆☆,,,,,,,,,,,,★★☆☆☆,,,,,,★☆☆☆☆,,,,✕,✕,✕,✕,✕,✕,✕,✕,
Pace University,★★★☆☆,アメリカ,,,,,1906,,,★★☆☆☆,,,,,,,,,,,,★★★☆☆,,,,,,★★☆☆☆,,,,✕,✕,✕,✕,✕,✕,✕,✕,
Pacific Luthern University,★★★☆☆,アメリカ,,,,,1890,,,★☆☆☆☆,,,,,,,,,,,,★★☆☆☆,,,,,,★☆☆☆☆,,,,✕,✕,✕,✕,✕,✕,✕,✕,
Pacific Union College,★★★☆☆,アメリカ,,,,,1882,,,★☆☆☆☆,,,,,,,,,,,,★★☆☆☆,,,,,,★☆☆☆☆,,,,✕,✕,✕,✕,✕,✕,✕,✕,
Pacific University,★★★☆☆,アメリカ,,,,,1849,,,★☆☆☆☆,,,,,,,,,,,,★★☆☆☆,,,,,,★☆☆☆☆,,,,✕,✕,✕,✕,✕,✕,✕,✕,
Parsons School of Design at The New School,★★★★★,アメリカ,,,,,1896,,,★★☆☆☆,,,,,,,,,,,,★★☆☆☆,,,,,,★★☆☆☆,,,,✕,✕,✕,✕,✕,〇,✕,✕,
Pennsylvania College of Art & Design,★★★★★,アメリカ,,,,,1982,,,★☆☆☆☆,,,,,,,,,,,,★★☆☆☆,,,,,,★☆☆☆☆,,,,✕,✕,✕,✕,✕,✕,✕,✕,
Pfeiffer University,★★★☆☆,アメリカ,,,,,1885,,,★☆☆☆☆,,,,,,,,,,,,★★☆☆☆,,,,,,★☆☆☆☆,,,,✕,✕,✕,✕,✕,✕,✕,✕,
Piedmont University,★★★☆☆,アメリカ,,,,,1897,,,★☆☆☆☆,,,,,,,,,,,,★★☆☆☆,,,,,,★☆☆☆☆,,,,✕,✕,✕,✕,✕,✕,✕,✕,
Pittsburg State University,★★★☆☆,アメリカ,,,,,1903,,,★☆☆☆☆,,,,,,,,,,,,★☆☆☆☆,,,,,,★☆☆☆☆,,,,✕,✕,✕,✕,✕,✕,✕,✕,
Pitzer College,★★★★★,アメリカ,,,,,1963,,,★★☆☆☆,,,,,,,,,,,,★★★★☆,,,,,,★☆☆☆☆,,,,✕,✕,✕,✕,△,✕,✕,✕,
Point Park University,★★★☆☆,アメリカ,,,,,2004,,,★☆☆☆☆,,,,,,,,,,,,★★☆☆☆,,,,,,★☆☆☆☆,,,,✕,✕,✕,✕,✕,✕,✕,✕,
Pomona College,★★★★★,アメリカ,,,,,1887,,,★★☆☆☆,,,,,,,,,,,,★★★★★,,,,,,★☆☆☆☆,,,,〇,〇,✕,✕,△,✕,✕,✕,
Pratt Institute,★★★★★,アメリカ,,,,,1887,,,★★★☆☆,,,,,,,,,,,,★★★☆☆,,,,,,★★☆☆☆,,,,✕,✕,✕,✕,✕,〇,✕,✕,
Presbyterian College,★★★★☆,アメリカ,,,,,1880,,,★☆☆☆☆,,,,,,,,,,,,★★★★☆,,,,,,★★★☆☆,,,,✕,✕,✕,✕,△,✕,✕,✕,
President University,★★★☆☆,アメリカ,,,,,2001,,,★☆☆☆☆,,,,,,,,,,,,★★★☆☆,,,,,,★☆☆☆☆,,,,✕,✕,✕,✕,✕,✕,✕,✕,
Princeton University,★★★★★,アメリカ,,,,,1746,,,★★★☆☆,,,,,,,,,,,,★★★★★,,,,,,★☆☆☆☆,,,,〇,〇,〇,〇,✕,△,✕,✕,
Principia College,★★★☆☆,アメリカ,,,,,1912,,,★☆☆☆☆,,,,,,,,,,,,★★★☆☆,,,,,,★☆☆☆☆,,,,✕,✕,✕,✕,△,✕,✕,✕,
Providence College,★★★☆☆,アメリカ,,,,,1917,,,★★☆☆☆,,,,,,,,,,,,★★★★☆,,,,,,★★☆☆☆,,,,✕,✕,✕,✕,✕,✕,✕,✕,
Purdue University,★★★★★,アメリカ,,,,,1869,,,★☆☆☆☆,,,,,,,,,,,,★★☆☆☆,,,,,,★☆☆☆☆,,,,✕,✕,✕,✕,✕,✕,〇,✕,
Pusan National University,★★★☆☆,,,,,,1946,,,★☆☆☆☆,,,,,,,,,,,,★☆☆☆☆,,,,,,★☆☆☆☆,,,,✕,✕,✕,✕,✕,✕,✕,✕,
Qatar University,★★★★☆,,,,,,1973,,,★☆☆☆☆,,,,,,,,,,,,★★☆☆☆,,,,,,★☆☆☆☆,,,,✕,✕,✕,✕,✕,✕,✕,✕,
Queens University of Charlotte,★★★★☆,,,,,,1857,,,★★☆☆☆,,,,,,,,,,,,★★★☆☆,,,,,,★★☆☆☆,,,,✕,✕,✕,✕,✕,✕,✕,✕,
Quincy University,★★★☆☆,アメリカ,,,,,1860,,,★☆☆☆☆,,,,,,,,,,,,★★☆☆☆,,,,,,★☆☆☆☆,,,,✕,✕,✕,✕,✕,✕,✕,✕,
Randolph College,★★★☆☆,アメリカ,,,,,1891,,,★★☆☆☆,,,,,,,,,,,,★★★☆☆,,,,,,★★☆☆☆,,,,✕,✕,✕,✕,△,✕,✕,✕,
RCSI & UCD Malaysia / Royal College of Surgeon in Ireland & University College Dublin in Malaysia,★★★★★,,,,,,1996,,,★☆☆☆☆,,,,,,,,,,,,★☆☆☆☆,,,,,,★★☆☆☆,,,,✕,✕,✕,✕,✕,✕,✕,✕,
Reed College,★★★★★,アメリカ,,,,,1908,,,★★★☆☆,,,,,,,,,,,,★★★☆☆,,,,,,★☆☆☆☆,,,,✕,✕,✕,✕,△,✕,✕,✕,
Regent University,★★★☆☆,アメリカ,,,,,1977,,,★☆☆☆☆,,,,,,,,,,,,★★☆☆☆,,,,,,★☆☆☆☆,,,,✕,✕,✕,✕,✕,✕,✕,✕,
Regis University,★★★☆☆,アメリカ,,,,,1877,,,★☆☆☆☆,,,,,,,,,,,,★★☆☆☆,,,,,,★☆☆☆☆,,,,✕,✕,✕,✕,✕,✕,✕,✕,
Reinhardt University,★★★☆☆,アメリカ,,,,,1883,,,★☆☆☆☆,,,,,,,,,,,,★★☆☆☆,,,,,,★☆☆☆☆,,,,✕,✕,✕,✕,✕,✕,✕,✕,
Rhode Island School of Design,★★★★★,アメリカ,,,,,1877,,,★☆☆☆☆,,,,,,,,,,,,★★★☆☆,,,,,,★★☆☆☆,,,,✕,✕,✕,✕,✕,〇,✕,✕,
Rhodes College,★★★★☆,アメリカ,,,,,1848,,,★☆☆☆☆,,,,,,,,,,,,★★★★☆,,,,,,★★☆☆☆,,,,✕,✕,✕,✕,△,✕,✕,✕,
Rice University,★★★★★,アメリカ,,,,,1912,,,★★☆☆☆,,,,,,,,,,,,★★★★★,,,,,,★☆☆☆☆,,,,〇,〇,✕,✕,✕,△,✕,✕,
Ringling College of Art and Design,★★★★☆,アメリカ,,,,,1931,,,★☆☆☆☆,,,,,,,,,,,,★★☆☆☆,,,,,,★☆☆☆☆,,,,✕,✕,✕,✕,✕,✕,✕,✕,
Ripon College,★★★★☆,アメリカ,,,,,1851,,,★☆☆☆☆,,,,,,,,,,,,★★★☆☆,,,,,,★★☆☆☆,,,,✕,✕,✕,✕,△,✕,✕,✕,
Roberts Wesleyan University,★★★☆☆,アメリカ,,,,,1866,,,★☆☆☆☆,,,,,,,,,,,,★★☆☆☆,,,,,,★☆☆☆☆,,,,✕,✕,✕,✕,✕,✕,✕,✕,
Rochester Christian University,★★★☆☆,アメリカ,,,,,1959,,,★☆☆☆☆,,,,,,,,,,,,★★☆☆☆,,,,,,★☆☆☆☆,,,,✕,✕,✕,✕,✕,✕,✕,✕,
Rochester Institute of Technology,★★★★☆,アメリカ,,,,,1829,,,★★☆☆☆,,,,,,,,,,,,★★★☆☆,,,,,,★★☆☆☆,,,,✕,✕,✕,✕,✕,✕,✕,✕,
Rochkurst University,★★★☆☆,アメリカ,,,,,1910,,,★☆☆☆☆,,,,,,,,,,,,★★☆☆☆,,,,,,★☆☆☆☆,,,,✕,✕,✕,✕,✕,✕,✕,✕,
Roger Williams University,★★★☆☆,アメリカ,,,,,1956,,,★☆☆☆☆,,,,,,,,,,,,★★☆☆☆,,,,,,★☆☆☆☆,,,,✕,✕,✕,✕,✕,✕,✕,✕,
Rollins College,★★★★☆,アメリカ,,,,,1885,,,★☆☆☆☆,,,,,,,,,,,,★★★☆☆,,,,,,★★☆☆☆,,,,✕,✕,✕,✕,✕,✕,✕,✕,
Rose Hulman Institute of Technology,★★★★★,アメリカ,,,,,1874,,,★☆☆☆☆,,,,,,,,,,,,★★★☆☆,,,,,,★★☆☆☆,,,,✕,✕,✕,✕,✕,✕,✕,✕,
Rosemount College,★★★☆☆,アメリカ,,,,,1921,,,★☆☆☆☆,,,,,,,,,,,,★★☆☆☆,,,,,,★☆☆☆☆,,,,✕,✕,✕,✕,✕,✕,✕,✕,
Royal College of Art,★★★★★,,,,,,1837,,,★★☆☆☆,,,,,,,,,,,,★☆☆☆☆,,,,,,★☆☆☆☆,,,,✕,✕,✕,✕,✕,〇,✕,✕,
Royal College of Music,★★★★★,,,,,,1882,,,★☆☆☆☆,,,,,,,,,,,,★☆☆☆☆,,,,,,★☆☆☆☆,,,,✕,✕,✕,✕,✕,✕,✕,✕,
Sabanci University,★★★★★,,,,,,1996,,,★☆☆☆☆,,,,,,,,,,,,★☆☆☆☆,,,,,,★☆☆☆☆,,,,✕,✕,✕,✕,✕,✕,✕,✕,
Saginaw Valley State University,★★★★☆,アメリカ,,,,,1963,,,★★☆☆☆,,,,,,,,,,,,★★★☆☆,,,,,,★★☆☆☆,,,,✕,✕,✕,✕,✕,✕,✕,✕,
Saint Anselm College,★★★★☆,アメリカ,,,,,1889,,,★☆☆☆☆,,,,,,,,,,,,★★★☆☆,,,,,,★★☆☆☆,,,,✕,✕,✕,✕,✕,✕,✕,✕,
Saint Elizabeth University,★★★☆☆,アメリカ,,,,,1899,,,★☆☆☆☆,,,,,,,,,,,,★★☆☆☆,,,,,,★☆☆☆☆,,,,✕,✕,✕,✕,✕,✕,✕,✕,
Saint Francis University,★★★☆☆,アメリカ,,,,,1847,,,★☆☆☆☆,,,,,,,,,,,,★★★☆☆,,,,,,★☆☆☆☆,,,,✕,✕,✕,✕,✕,✕,✕,✕,
Saint John's University,★★★☆☆,アメリカ,,,,,1857,,,★☆☆☆☆,,,,,,,,,,,,★★★☆☆,,,,,,★☆☆☆☆,,,,✕,✕,✕,✕,△,✕,✕,✕,
Saint Joseph's University,★★★☆☆,アメリカ,,,,,1851,,,★☆☆☆☆,,,,,,,,,,,,★★★☆☆,,,,,,★☆☆☆☆,,,,✕,✕,✕,✕,△,✕,✕,✕,
Saint Martin's University,★★★☆☆,アメリカ,,,,,1895,,,★☆☆☆☆,,,,,,,,,,,,★★☆☆☆,,,,,,★☆☆☆☆,,,,✕,✕,✕,✕,✕,✕,✕,✕,
Saint Mary's College,★★★☆☆,アメリカ,,,,,1844,,,★☆☆☆☆,,,,,,,,,,,,★★☆☆☆,,,,,,★☆☆☆☆,,,,✕,✕,✕,✕,✕,✕,✕,✕,
Saint Vincent College,★★★★☆,アメリカ,,,,,1846,,,★☆☆☆☆,,,,,,,,,,,,★★☆☆☆,,,,,,★☆☆☆☆,,,,✕,✕,✕,✕,✕,✕,✕,✕,
Salem College,★★★☆☆,アメリカ,,,,,1772,,,★☆☆☆☆,,,,,,,,,,,,★★☆☆☆,,,,,,★☆☆☆☆,,,,✕,✕,✕,✕,✕,✕,✕,✕,
Salve Regina University,★★★☆☆,アメリカ,,,,,1934,,,★☆☆☆☆,,,,,,,,,,,,★★☆☆☆,,,,,,★☆☆☆☆,,,,✕,✕,✕,✕,✕,✕,✕,〇,
San Francisco Conservatory of Music,★★★★☆,アメリカ,,,,,1917,,,★☆☆☆☆,,,,,,,,,,,,★★☆☆☆,,,,,,★☆☆☆☆,,,,✕,✕,✕,✕,✕,✕,✕,✕,
Santa Clara University,★★★★☆,アメリカ,,,,,1851,,,★★☆☆☆,,,,,,,,,,,,★★★☆☆,,,,,,★★☆☆☆,,,,✕,✕,✕,✕,✕,✕,✕,✕,
Sarah Lawrence College,★★★★☆,アメリカ,,,,,1926,,,★★☆☆☆,,,,,,,,,,,,★★★☆☆,,,,,,★★☆☆☆,,,,✕,✕,✕,✕,△,✕,✕,✕,
School of the Art Institute of Chicago,★★★★☆,アメリカ,,,,,1866,,,★☆☆☆☆,,,,,,,,,,,,★★☆☆☆,,,,,,★☆☆☆☆,,,,✕,✕,✕,✕,✕,〇,✕,✕,
Scripps College,★★★★★,アメリカ,,,,,1926,,,★★☆☆☆,,,,,,,,,,,,★★★★☆,,,,,,★☆☆☆☆,,,,✕,✕,✕,✕,△,✕,✕,✕,
Sebbelas Marest University,★★★☆☆,,,,,,1976,,,★☆☆☆☆,,,,,,,,,,,,★☆☆☆☆,,,,,,★☆☆☆☆,,,,✕,✕,✕,✕,✕,✕,✕,✕,
Seton Hall University,★★★☆☆,アメリカ,,,,,1856,,,★☆☆☆☆,,,,,,,,,,,,★☆☆☆☆,,,,,,★☆☆☆☆,,,,✕,✕,✕,✕,✕,✕,✕,✕,
Seton Hill University,★★★☆☆,アメリカ,,,,,1885,,,★☆☆☆☆,,,,,,,,,,,,★☆☆☆☆,,,,,,★☆☆☆☆,,,,✕,✕,✕,✕,✕,✕,✕,✕,
Shawnee State University,★★★☆☆,アメリカ,,,,,1986,,,★☆☆☆☆,,,,,,,,,,,,★☆☆☆☆,,,,,,★☆☆☆☆,,,,✕,✕,✕,✕,✕,✕,✕,✕,
Shih Hsin University,★★★☆☆,,,,,,1956,,,★☆☆☆☆,,,,,,,,,,,,★☆☆☆☆,,,,,,★☆☆☆☆,,,,✕,✕,✕,✕,✕,✕,✕,✕,
Shorter University,★★★☆☆,アメリカ,,,,,1873,,,★☆☆☆☆,,,,,,,,,,,,★☆☆☆☆,,,,,,★☆☆☆☆,,,,✕,✕,✕,✕,✕,✕,✕,✕,
Siena College,★★★☆☆,アメリカ,,,,,1937,,,★☆☆☆☆,,,,,,,,,,,,★☆☆☆☆,,,,,,★☆☆☆☆,,,,✕,✕,✕,✕,✕,✕,✕,✕,
Siena Heights University,★★★☆☆,,,,,,1919,,,★☆☆☆☆,,,,,,,,,,,,★☆☆☆☆,,,,,,★☆☆☆☆,,,,✕,✕,✕,✕,✕,✕,✕,✕,
Simmons University,★★★☆☆,,,,,,1899,,,★☆☆☆☆,,,,,,,,,,,,★★★☆☆,,,,,,★★☆☆☆,,,,✕,✕,✕,✕,✕,✕,✕,✕,
Singapore Institute of Technology,★★★★★,,,,,,2009,,,★★★★★,,,,,,,,,,,,★☆☆☆☆,,,,,,★☆☆☆☆,,,,✕,✕,✕,✕,✕,✕,✕,✕,
Singapore University of Social Sciences,★★★★★,,,,,,2005,,,★★★★★,,,,,,,,,,,,★☆☆☆☆,,,,,,★☆☆☆☆,,,,✕,✕,✕,✕,✕,✕,✕,✕,
Singapore University of Technology and Design,★★★★★,,,,,,2009,,,★★★★★,,,,,,,,,,,,★☆☆☆☆,,,,,,★☆☆☆☆,,,,✕,✕,✕,✕,✕,✕,✕,✕,
Skidmore College,★★★★★,アメリカ,,,,,1903,,,★★☆☆☆,,,,,,,,,,,,★★★☆☆,,,,,,★☆☆☆☆,,,,✕,✕,✕,✕,△,✕,✕,✕,
Smith College,★★★★★,アメリカ,,,,,1871,,,★★☆☆☆,,,,,,,,,,,,★★★★☆,,,,,,★☆☆☆☆,,,,〇,✕,✕,✕,〇,✕,✕,✕,
Sodertorn University,★★★☆☆,,,,,,1996,,,★☆☆☆☆,,,,,,,,,,,,★☆☆☆☆,,,,,,★☆☆☆☆,,,,✕,✕,✕,✕,✕,✕,✕,✕,
Sogang University,★★★★★,,,,,,1960,,,★★★☆☆,,,,,,,,,,,,★☆☆☆☆,,,,,,★☆☆☆☆,,,,✕,✕,✕,✕,✕,✕,✕,✕,
South East Technological University,★★★★☆,,,,,,2022,,,★☆☆☆☆,,,,,,,,,,,,★☆☆☆☆,,,,,,★☆☆☆☆,,,,✕,✕,✕,✕,✕,✕,✕,✕,
Southern California Institute of Architecture,★★★★★,アメリカ,,,,,1972,,,★☆☆☆☆,,,,,,,,,,,,★★☆☆☆,,,,,,★☆☆☆☆,,,,✕,✕,✕,✕,✕,✕,✕,✕,
Southern Louisiana University,★★★☆☆,アメリカ,,,,,1925,,,★☆☆☆☆,,,,,,,,,,,,★☆☆☆☆,,,,,,★☆☆☆☆,,,,✕,✕,✕,✕,✕,✕,✕,✕,
Southern Methodist University,★★★★★,アメリカ,,,,,1911,,,★★☆☆☆,,,,,,,,,,,,★★★☆☆,,,,,,★☆☆☆☆,,,,✕,✕,✕,✕,✕,✕,✕,✕,
Southern Nazarene University,★★★☆☆,アメリカ,,,,,1899,,,★☆☆☆☆,,,,,,,,,,,,★★☆☆☆,,,,,,★☆☆☆☆,,,,✕,✕,✕,✕,✕,✕,✕,✕,
Southern New Hampshire University,★★★☆☆,アメリカ,,,,,1932,,,★☆☆☆☆,,,,,,,,,,,,★★☆☆☆,,,,,,★☆☆☆☆,,,,✕,✕,✕,✕,✕,✕,✕,✕,
Southern Oklahoma State University,★★★☆☆,アメリカ,,,,,1901,,,★☆☆☆☆,,,,,,,,,,,,★☆☆☆☆,,,,,,★☆☆☆☆,,,,✕,✕,✕,✕,✕,✕,✕,✕,
Southern Wesleyan University,★★★☆☆,アメリカ,,,,,1906,,,★☆☆☆☆,,,,,,,,,,,,★★☆☆☆,,,,,,★☆☆☆☆,,,,✕,✕,✕,✕,✕,✕,✕,✕,
Southwestern University,★★★★☆,アメリカ,,,,,1840,,,★☆☆☆☆,,,,,,,,,,,,★★★☆☆,,,,,,★☆☆☆☆,,,,✕,✕,✕,✕,✕,✕,✕,✕,
Spelman College,★★★☆☆,アメリカ,,,,,1881,,,★☆☆☆☆,,,,,,,,,,,,★★☆☆☆,,,,,,★☆☆☆☆,,,,✕,✕,✕,✕,✕,✕,✕,✕,
Spring Hill College,★★★☆☆,アメリカ,,,,,1830,,,★☆☆☆☆,,,,,,,,,,,,★★☆☆☆,,,,,,★☆☆☆☆,,,,✕,✕,✕,✕,✕,✕,✕,✕,
Springfield College,★★★★☆,アメリカ,,,,,1885,,,★☆☆☆☆,,,,,,,,,,,,★★★★☆,,,,,,★☆☆☆☆,,,,✕,✕,✕,✕,✕,✕,✕,✕,
St. Andrews University,★★★☆☆,アメリカ,,,,,1896,,,★☆☆☆☆,,,,,,,,,,,,★★☆☆☆,,,,,,★☆☆☆☆,,,,✕,✕,✕,✕,✕,✕,✕,✕,
St. Edward's University,★★★☆☆,アメリカ,,,,,1877,,,★☆☆☆☆,,,,,,,,,,,,★★☆☆☆,,,,,,★☆☆☆☆,,,,✕,✕,✕,✕,✕,✕,✕,✕,
St. Francis College,★★★☆☆,アメリカ,,,,,1859,,,★☆☆☆☆,,,,,,,,,,,,★★☆☆☆,,,,,,★☆☆☆☆,,,,✕,✕,✕,✕,✕,✕,✕,〇,
"St. John's College, Annapolis",★★★★★,アメリカ,,,,,1696,,,★☆☆☆☆,,,,,,,,,,,,★★★★☆,,,,,,★★★★☆,,,,✕,✕,✕,✕,△,✕,✕,✕,
"St. John's College, Santa Fe",★★★★★,アメリカ,,,,,1964,,,★☆☆☆☆,,,,,,,,,,,,★★★★☆,,,,,,★★★★☆,,,,✕,✕,✕,✕,△,✕,✕,✕,
St. Lawrence University,★★★★★,アメリカ,,,,,1856,,,★☆☆☆☆,,,,,,,,,,,,★★★★☆,,,,,,★★☆☆☆,,,,✕,✕,✕,✕,△,✕,✕,✕,
St. Mary's University,★★★☆☆,アメリカ,,,,,1852,,,★☆☆☆☆,,,,,,,,,,,,★★★☆☆,,,,,,★☆☆☆☆,,,,✕,✕,✕,✕,✕,✕,✕,✕,
St. Norbert College,★★★★☆,アメリカ,,,,,1898,,,★☆☆☆☆,,,,,,,,,,,,★★★★☆,,,,,,★★★☆☆,,,,✕,✕,✕,✕,△,✕,✕,✕,
St. Olaf College,★★★★★,アメリカ,,,,,1874,,,★★☆☆☆,,,,,,,,,,,,★★★★☆,,,,,,★★☆☆☆,,,,✕,✕,✕,✕,△,✕,✕,✕,
St. Thomas Aquinas College,★★★★☆,アメリカ,,,,,1952,,,★☆☆☆☆,,,,,,,,,,,,★★★★☆,,,,,,★☆☆☆☆,,,,✕,✕,✕,✕,✕,✕,✕,✕,
Stanford University,★★★★★,アメリカ,,,,,1885,,,★★★★☆,,,,,,,,,,,,★★★★☆,,,,,,★☆☆☆☆,,,,〇,〇,〇,〇,✕,△,✕,✕,
Stephens College,★★★★☆,アメリカ,,,,,1833,,,★☆☆☆☆,,,,,,,,,,,,★★☆☆☆,,,,,,★★☆☆☆,,,,✕,✕,✕,✕,✕,✕,✕,✕,
Stevens Institute of Technology,★★★★★,アメリカ,,,,,1870,,,★★☆☆☆,,,,,,,,,,,,★★★☆☆,,,,,,★★☆☆☆,,,,✕,✕,✕,✕,✕,✕,✕,✕,
Stockholm University of the Arts,★★★★★,,,,,,2014,,,★☆☆☆☆,,,,,,,,,,,,★☆☆☆☆,,,,,,★☆☆☆☆,,,,✕,✕,✕,✕,✕,✕,✕,✕,
Stonehill College,★★★★☆,アメリカ,,,,,1948,,,★☆☆☆☆,,,,,,,,,,,,★★★☆☆,,,,,,★★☆☆☆,,,,✕,✕,✕,✕,△,✕,✕,✕,
Suffolk University,★★★☆☆,アメリカ,,,,,1906,,,★☆☆☆☆,,,,,,,,,,,,★★☆☆☆,,,,,,★☆☆☆☆,,,,✕,✕,✕,✕,✕,✕,✕,✕,
Sungkyunkwan University,★★★☆☆,,,,,,1398,,,★☆☆☆☆,,,,,,,,,,,,★☆☆☆☆,,,,,,★☆☆☆☆,,,,✕,✕,✕,✕,✕,✕,✕,✕,
Sunway University,★★★★☆,,,,,,1987,,,★★★★★,,,,,,,,,,,,★☆☆☆☆,,,,,,★☆☆☆☆,,,,✕,✕,✕,✕,✕,✕,✕,✕,
Susquehanna University,★★★☆☆,アメリカ,,,,,1858,,,★☆☆☆☆,,,,,,,,,,,,★★★☆☆,,,,,,★☆☆☆☆,,,,✕,✕,✕,✕,△,✕,✕,✕,
Swarthmore College,★★★★★,アメリカ,,,,,1864,,,★★☆☆☆,,,,,,,,,,,,★★★★★,,,,,,★☆☆☆☆,,,,〇,〇,✕,✕,△,✕,✕,✕,
Swedish University of Agricultural Sciences,★★★★★,,,,,,1977,,,★☆☆☆☆,,,,,,,,,,,,★☆☆☆☆,,,,,,★☆☆☆☆,,,,✕,✕,✕,✕,✕,✕,✕,✕,
Sweet Briar College,★★★☆☆,アメリカ,,,,,1901,,,★☆☆☆☆,,,,,,,,,,,,★☆☆☆☆,,,,,,★☆☆☆☆,,,,✕,✕,✕,✕,✕,✕,✕,✕,
Syracuse University,★★★★★,アメリカ,,,,,1870,,,★★★☆☆,,,,,,,,,,,,★★★☆☆,,,,,,★☆☆☆☆,,,,✕,✕,✕,✕,✕,✕,✕,✕,
Tabor College,★★★☆☆,アメリカ,,,,,1908,,,★☆☆☆☆,,,,,,,,,,,,★★★☆☆,,,,,,★★☆☆☆,,,,✕,✕,✕,✕,✕,✕,✕,✕,
Taejae University,★★★★★,,,,,,2023,,,★☆☆☆☆,,,,,,,,,,,,★★★★☆,,,,,,★★☆☆☆,,,,✕,✕,✕,✕,✕,✕,✕,✕,
Tampere University,★★★☆☆,アメリカ,,,,,2019,,,★☆☆☆☆,,,,,,,,,,,,★★☆☆☆,,,,,,★☆☆☆☆,,,,✕,✕,✕,✕,✕,✕,✕,✕,
Temple University,★★★★☆,アメリカ,,,,,1884,,,★★☆☆☆,,,,,,,,,,,,★☆☆☆☆,,,,,,★☆☆☆☆,,,,✕,✕,✕,✕,✕,✕,✕,〇,
Temple University Japan,★★★★☆,,,,,,1982,,,N/A,,,,,,,,,,,,N/A,,,,,,★☆☆☆☆,,,,✕,✕,✕,✕,✕,✕,✕,✕,
Texas A&m International University,★★★★☆,アメリカ,,,,,1970,,,★☆☆☆☆,,,,,,,,,,,,★☆☆☆☆,,,,,,★☆☆☆☆,,,,✕,✕,✕,✕,✕,✕,✕,✕,
Texas A&M University,★★★★★,アメリカ,,,,,1876,,,★★★☆☆,,,,,,,,,,,,★☆☆☆☆,,,,,,★★☆☆☆,,,,✕,✕,✕,✕,✕,✕,✕,✕,
Texas Christian University,★★★★★,アメリカ,,,,,1873,,,★★☆☆☆,,,,,,,,,,,,★★★★☆,,,,,,★★☆☆☆,,,,✕,✕,✕,✕,✕,✕,✕,✕,
The College of Saint Rose,★★★☆☆,アメリカ,,,,,1920,,,★☆☆☆☆,,,,,,,,,,,,★★★☆☆,,,,,,★☆☆☆☆,,,,✕,✕,✕,✕,✕,✕,✕,✕,
The Education University of Hong Kong,★★★★★,,,,,,1994,,,★☆☆☆☆,,,,,,,,,,,,★☆☆☆☆,,,,,,★☆☆☆☆,,,,✕,✕,✕,✕,✕,✕,✕,✕,
The George Washington University,★★★★★,アメリカ,,,,,1821,,,★★★☆☆,,,,,,,,,,,,★★★☆☆,,,,,,★☆☆☆☆,,,,✕,✕,✕,✕,✕,△,✕,〇,
The Hong Kong Polytechnic University,★★★★★,,,,,,1937,,,★★★★★,,,,,,,,,,,,★☆☆☆☆,,,,,,★☆☆☆☆,,,,✕,✕,✕,✕,✕,✕,✕,✕,
The Hong Kong University of Science and Technology,★★★★★,,,,,,1991,,,★★★★★,,,,,,,,,,,,★☆☆☆☆,,,,,,★☆☆☆☆,,,,✕,✕,✕,✕,✕,✕,✕,✕,
The Juilliard School,★★★★★,アメリカ,,,,,1905,,,★☆☆☆☆,,,,,,,,,,,,★★★★★,,,,,,★☆☆☆☆,,,,✕,✕,✕,✕,✕,✕,✕,✕,
The Royal Academy of Music,★★★★★,,,,,,1822,,,★☆☆☆☆,,,,,,,,,,,,★☆☆☆☆,,,,,,★☆☆☆☆,,,,✕,✕,✕,✕,✕,✕,✕,✕,
The University of Alabama,★★★★☆,アメリカ,,,,,1831,,,★★☆☆☆,,,,,,,,,,,,★★☆☆☆,,,,,,★☆☆☆☆,,,,✕,✕,✕,✕,✕,✕,✕,✕,
The University of Economics Prague,★★★★☆,,,,,,1953,,,★☆☆☆☆,,,,,,,,,,,,★☆☆☆☆,,,,,,★☆☆☆☆,,,,✕,✕,✕,✕,✕,✕,✕,✕,
The University of North Carolina at Chalotte,★★★★☆,アメリカ,,,,,1946,,,★★☆☆☆,,,,,,,,,,,,★★☆☆☆,,,,,,★☆☆☆☆,,,,✕,✕,✕,✕,✕,✕,✕,✕,
The University of North Carolina at Chapel Hill,★★★★★,アメリカ,,,,,1789,,,★★☆☆☆,,,,,,,,,,,,★☆☆☆☆,,,,,,★☆☆☆☆,,,,✕,✕,✕,✕,✕,△,✕,✕,
The University of Olivet,★★★★☆,アメリカ,,,,,1907,,,★☆☆☆☆,,,,,,,,,,,,★★☆☆☆,,,,,,★☆☆☆☆,,,,✕,✕,✕,✕,✕,✕,✕,✕,
The University of Ostrava,★★★☆☆,,,,,,1991,,,★☆☆☆☆,,,,,,,,,,,,★★☆☆☆,,,,,,★☆☆☆☆,,,,✕,✕,✕,✕,✕,✕,✕,✕,
The University of the South,★★★★★,アメリカ,,,,,1857,,,★☆☆☆☆,,,,,,,,,,,,★★★★☆,,,,,,★★★★☆,,,,✕,✕,✕,✕,△,✕,✕,✕,
The University of Tulsa,★★★★★,アメリカ,,,,,1894,,,★☆☆☆☆,,,,,,,,,,,,★★★★☆,,,,,,★★★★☆,,,,✕,✕,✕,✕,✕,✕,✕,〇,
Thiel College,★★★☆☆,アメリカ,,,,,1866,,,★☆☆☆☆,,,,,,,,,,,,★★★★☆,,,,,,★★☆☆☆,,,,✕,✕,✕,✕,△,✕,✕,✕,
Thomas Aquinas College - California,★★★★★,アメリカ,,,,,1971,,,★☆☆☆☆,,,,,,,,,,,,★★★★☆,,,,,,★★★☆☆,,,,✕,✕,✕,✕,△,✕,✕,✕,
Thomas Aquinas College - New England,★★★★★,アメリカ,,,,,2019,,,★☆☆☆☆,,,,,,,,,,,,★★★★☆,,,,,,★☆☆☆☆,,,,✕,✕,✕,✕,△,✕,✕,✕,
Thomas College,★★★★☆,アメリカ,,,,,1894,,,★☆☆☆☆,,,,,,,,,,,,★★★★☆,,,,,,★☆☆☆☆,,,,✕,✕,✕,✕,✕,✕,✕,✕,
Thomas More University,★★★☆☆,アメリカ,,,,,1921,,,★☆☆☆☆,,,,,,,,,,,,★★☆☆☆,,,,,,★☆☆☆☆,,,,✕,✕,✕,✕,✕,✕,✕,✕,
Ton Duc Thang University,★★★☆☆,,,,,,1997,,,★☆☆☆☆,,,,,,,,,,,,★☆☆☆☆,,,,,,★☆☆☆☆,,,,✕,✕,✕,✕,✕,✕,✕,✕,
Towson University,★★★☆☆,アメリカ,,,,,1866,,,★☆☆☆☆,,,,,,,,,,,,★★☆☆☆,,,,,,★☆☆☆☆,,,,✕,✕,✕,✕,✕,✕,✕,〇,
Trevcecca Nazarene University,★★★☆☆,アメリカ,,,,,1901,,,★☆☆☆☆,,,,,,,,,,,,★★☆☆☆,,,,,,★☆☆☆☆,,,,✕,✕,✕,✕,✕,✕,✕,✕,
Trine University,★★★☆☆,アメリカ,,,,,1884,,,★☆☆☆☆,,,,,,,,,,,,★★★☆☆,,,,,,★☆☆☆☆,,,,✕,✕,✕,✕,✕,✕,✕,✕,
Trinity College,★★★★★,アメリカ,,,,,1823,,,★☆☆☆☆,,,,,,,,,,,,★★★★☆,,,,,,★☆☆☆☆,,,,✕,✕,✕,✕,△,✕,✕,✕,
Trinity College Dublin,★★★★★,,,,,,1592,,,★★★☆☆,,,,,,,,,,,,★☆☆☆☆,,,,,,★☆☆☆☆,,,,✕,✕,✕,✕,✕,△,✕,✕,
Trinity University,★★★★★,アメリカ,,,,,1869,,,★★★★★,,,,,,,,,,,,★★★★☆,,,,,,★★☆☆☆,,,,✕,✕,✕,✕,✕,✕,✕,✕,
Tufts University,★★★★★,アメリカ,,,,,1852,,,★★☆☆☆,,,,,,,,,,,,★★★★★,,,,,,★☆☆☆☆,,,,✕,✕,✕,✕,✕,△,✕,✕,
Tulane University,★★★★★,アメリカ,,,,,1834,,,★☆☆☆☆,,,,,,,,,,,,★★★★☆,,,,,,★★☆☆☆,,,,✕,✕,✕,✕,✕,✕,〇,✕,
Tusculum University,★★★☆☆,アメリカ,,,,,1794,,,★☆☆☆☆,,,,,,,,,,,,★★★☆☆,,,,,,★☆☆☆☆,,,,✕,✕,✕,✕,✕,✕,✕,✕,
UBI Business School,★★★☆☆,,,,,,1992,,,★☆☆☆☆,,,,,,,,,,,,★☆☆☆☆,,,,,,★☆☆☆☆,,,,✕,✕,✕,✕,✕,✕,✕,✕,
Umea University,★★★★☆,,,,,,1965,,,★☆☆☆☆,,,,,,,,,,,,★☆☆☆☆,,,,,,★☆☆☆☆,,,,✕,✕,✕,✕,✕,✕,✕,✕,
Union College - New York,★★★★★,アメリカ,,,,,1795,,,★★★☆☆,,,,,,,,,,,,★★★★☆,,,,,,★☆☆☆☆,,,,✕,✕,✕,✕,〇,✕,✕,✕,
UNIST Ulsan National Institute of Technology,★★★☆☆,,,,,,2007,,,★☆☆☆☆,,,,,,,,,,,,★☆☆☆☆,,,,,,★☆☆☆☆,,,,✕,✕,✕,✕,✕,✕,✕,✕,
United Arab Emirate University,★★★★☆,,,,,,1976,,,★☆☆☆☆,,,,,,,,,,,,★★☆☆☆,,,,,,★☆☆☆☆,,,,✕,✕,✕,✕,✕,✕,✕,✕,
Universitat Tubingen,★★★☆☆,,,,,,1477,,,★☆☆☆☆,,,,,,,,,,,,★☆☆☆☆,,,,,,★☆☆☆☆,,,,✕,✕,✕,✕,✕,△,✕,✕,
University College London / UCL,★★★★★,,,,,,1826,,,★★★★★,,,,,,,,,,,,★☆☆☆☆,,,,,,★☆☆☆☆,,,,〇,〇,✕,✕,✕,✕,✕,✕,
University of Alberta,★★★★★,アメリカ,,,,,1908,,,★★☆☆☆,,,,,,,,,,,,★★☆☆☆,,,,,,★☆☆☆☆,,,,✕,✕,✕,✕,✕,✕,✕,✕,
University of Amsterdam,★★★★★,,,,,,1632,,,★★★★☆,,,,,,,,,,,,★★☆☆☆,,,,,,★☆☆☆☆,,,,✕,✕,✕,✕,✕,✕,✕,✕,
University of Arkansas,★★★★★,アメリカ,,,,,1871,,,★★☆☆☆,,,,,,,,,,,,★★☆☆☆,,,,,,★☆☆☆☆,,,,✕,✕,✕,✕,✕,✕,✕,✕,
University of Calgary,★★★★★,,,,,,1966,,,★★☆☆☆,,,,,,,,,,,,★★☆☆☆,,,,,,★☆☆☆☆,,,,✕,✕,✕,✕,✕,✕,✕,✕,
"University of California, Berkeley",★★★★★,アメリカ,,,,,1868,,,★★★★★,,,,,,,,,,,,★★☆☆☆,,,,,,★☆☆☆☆,,,,〇,〇,〇,✕,✕,△,✕,✕,
University of Camerino,★★★★☆,,,,,,1336,,,★☆☆☆☆,,,,,,,,,,,,★★☆☆☆,,,,,,★☆☆☆☆,,,,✕,✕,✕,✕,✕,✕,✕,✕,
University of Campania Luigi Vanvitelli,★★★☆☆,,,,,,1991,,,★☆☆☆☆,,,,,,,,,,,,★☆☆☆☆,,,,,,★☆☆☆☆,,,,✕,✕,✕,✕,✕,✕,✕,✕,
University of Central Arkansas,★★★☆☆,,,,,,1907,,,★☆☆☆☆,,,,,,,,,,,,★☆☆☆☆,,,,,,★☆☆☆☆,,,,✕,✕,✕,✕,✕,✕,✕,✕,
University of Central Missouri,★★★☆☆,,,,,,1871,,,★☆☆☆☆,,,,,,,,,,,,★☆☆☆☆,,,,,,★☆☆☆☆,,,,✕,✕,✕,✕,✕,✕,✕,✕,
University of Central Oklahoma,★★★☆☆,,,,,,1890,,,★☆☆☆☆,,,,,,,,,,,,★☆☆☆☆,,,,,,★☆☆☆☆,,,,✕,✕,✕,✕,✕,✕,✕,✕,
University of Chicago,★★★★★,アメリカ,,,,,1890,,,★★★☆☆,,,,,,,,,,,,★★★★★,,,,,,★☆☆☆☆,,,,〇,〇,〇,✕,✕,△,〇,✕,
University of Cincinnati,★★★★☆,アメリカ,,,,,1819,,,★★☆☆☆,,,,,,,,,,,,★★☆☆☆,,,,,,★☆☆☆☆,,,,✕,✕,✕,✕,✕,✕,✕,✕,
University of Connecticut,★★★★☆,アメリカ,,,,,1881,,,★★☆☆☆,,,,,,,,,,,,★★☆☆☆,,,,,,★☆☆☆☆,,,,✕,✕,✕,✕,✕,✕,〇,✕,
University of Copenhagen,★★★★☆,,,,,,1479,,,★☆☆☆☆,,,,,,,,,,,,★☆☆☆☆,,,,,,★☆☆☆☆,,,,✕,✕,✕,✕,✕,✕,✕,✕,
University of Debrecen,★★★★☆,,,,,,1538,,,★★★★☆,,,,,,,,,,,,★☆☆☆☆,,,,,,★☆☆☆☆,,,,✕,✕,✕,✕,✕,✕,✕,✕,
University of Dubai,★★★★☆,,,,,,1997,,,★☆☆☆☆,,,,,,,,,,,,★★☆☆☆,,,,,,★☆☆☆☆,,,,✕,✕,✕,✕,✕,✕,✕,✕,
University of Eastern Finland,★★★★☆,,,,,,2010,,,★☆☆☆☆,,,,,,,,,,,,★☆☆☆☆,,,,,,★☆☆☆☆,,,,✕,✕,✕,✕,✕,✕,✕,✕,
University of Europe for Applied Sciences,★★★★☆,,,,,,2000,,,★☆☆☆☆,,,,,,,,,,,,★☆☆☆☆,,,,,,★☆☆☆☆,,,,✕,✕,✕,✕,✕,✕,✕,✕,
University of Genoa,★★★☆☆,,,,,,1481,,,★☆☆☆☆,,,,,,,,,,,,★☆☆☆☆,,,,,,★☆☆☆☆,,,,✕,✕,✕,✕,✕,✕,✕,✕,
University of Gothenburg,★★★☆☆,,,,,,1891,,,★☆☆☆☆,,,,,,,,,,,,★☆☆☆☆,,,,,,★☆☆☆☆,,,,✕,✕,✕,✕,✕,✕,✕,✕,
University of Hartford,★★★☆☆,アメリカ,,,,,1957,,,★☆☆☆☆,,,,,,,,,,,,★★★☆☆,,,,,,★☆☆☆☆,,,,✕,✕,✕,✕,✕,✕,✕,✕,
University of Health Sciences and Pharmacyin St. Louis,★★★★☆,アメリカ,,,,,1864,,,★☆☆☆☆,,,,,,,,,,,,★★★☆☆,,,,,,★★☆☆☆,,,,✕,✕,✕,✕,✕,✕,✕,✕,
University of Houston,★★★☆☆,アメリカ,,,,,1927,,,★☆☆☆☆,,,,,,,,,,,,★★★☆☆,,,,,,★☆☆☆☆,,,,✕,✕,✕,✕,✕,✕,✕,✕,
University of Illinois Springfield,★★★☆☆,アメリカ,,,,,1969,,,★☆☆☆☆,,,,,,,,,,,,★☆☆☆☆,,,,,,★☆☆☆☆,,,,✕,✕,✕,✕,✕,✕,✕,✕,
University of Indianapolis,★★★☆☆,アメリカ,,,,,1902,,,★☆☆☆☆,,,,,,,,,,,,★★☆☆☆,,,,,,★☆☆☆☆,,,,✕,✕,✕,✕,✕,✕,✕,✕,
University of International Studies of Rome,★★★☆☆,,,,,,1996,,,★☆☆☆☆,,,,,,,,,,,,★☆☆☆☆,,,,,,★☆☆☆☆,,,,✕,✕,✕,✕,✕,✕,✕,✕,
University of Kentucky,★★★★☆,,,,,,1865,,,★★☆☆☆,,,,,,,,,,,,★★☆☆☆,,,,,,★☆☆☆☆,,,,✕,✕,✕,✕,✕,✕,✕,✕,
University of Lapland,★★★★☆,,,,,,1979,,,★☆☆☆☆,,,,,,,,,,,,★☆☆☆☆,,,,,,★☆☆☆☆,,,,✕,✕,✕,✕,✕,✕,✕,✕,
University of Maryland College Park,★★★★★,アメリカ,,,,,1856,,,★★★☆☆,,,,,,,,,,,,★★☆☆☆,,,,,,★☆☆☆☆,,,,✕,✕,〇,✕,✕,△,✕,✕,
University of Massachusetts Dartmouth,★★★☆☆,アメリカ,,,,,1895,,,★☆☆☆☆,,,,,,,,,,,,★☆☆☆☆,,,,,,★☆☆☆☆,,,,✕,✕,✕,✕,✕,✕,✕,✕,
University of Miami,★★★★★,アメリカ,,,,,1925,,,★★☆☆☆,,,,,,,,,,,,★★★☆☆,,,,,,★★☆☆☆,,,,✕,✕,〇,✕,✕,✕,〇,✕,
University of Michigan-Flint,★★★☆☆,アメリカ,,,,,1956,,,★☆☆☆☆,,,,,,,,,,,,★☆☆☆☆,,,,,,★☆☆☆☆,,,,✕,✕,✕,✕,✕,✕,✕,✕,
University of Millan,★★★☆☆,,,,,,1924,,,★☆☆☆☆,,,,,,,,,,,,★☆☆☆☆,,,,,,★☆☆☆☆,,,,✕,✕,✕,✕,✕,✕,✕,✕,
University of Minnesota Twins Cities,★★★★★,アメリカ,,,,,1851,,,★★☆☆☆,,,,,,,,,,,,★★☆☆☆,,,,,,★☆☆☆☆,,,,✕,✕,✕,✕,✕,✕,✕,✕,
University of Missippi,★★★★☆,アメリカ,,,,,1848,,,★★☆☆☆,,,,,,,,,,,,★☆☆☆☆,,,,,,★☆☆☆☆,,,,✕,✕,✕,✕,✕,✕,✕,✕,
University of Missouri,★★★★☆,アメリカ,,,,,1839,,,★★☆☆☆,,,,,,,,,,,,★☆☆☆☆,,,,,,★☆☆☆☆,,,,✕,✕,✕,✕,✕,✕,〇,✕,
University of Modern and Reggio Emillia,★★★☆☆,,,,,,1175,,,★☆☆☆☆,,,,,,,,,,,,★☆☆☆☆,,,,,,★☆☆☆☆,,,,✕,✕,✕,✕,✕,✕,✕,✕,
University of Montevallo,★★★☆☆,アメリカ,,,,,1896,,,★☆☆☆☆,,,,,,,,,,,,★☆☆☆☆,,,,,,★☆☆☆☆,,,,✕,✕,✕,✕,✕,✕,✕,✕,
University of Mount Saint Vincent,★★★☆☆,アメリカ,,,,,1847,,,★☆☆☆☆,,,,,,,,,,,,★★☆☆☆,,,,,,★☆☆☆☆,,,,✕,✕,✕,✕,✕,✕,✕,✕,
University of Nebraska at Kearney,★★★☆☆,アメリカ,,,,,1905,,,★☆☆☆☆,,,,,,,,,,,,★☆☆☆☆,,,,,,★☆☆☆☆,,,,✕,✕,✕,✕,✕,✕,✕,✕,
University of Nebraska at Lincoln,★★★☆☆,アメリカ,,,,,1869,,,★☆☆☆☆,,,,,,,,,,,,★☆☆☆☆,,,,,,★☆☆☆☆,,,,✕,✕,✕,✕,✕,✕,✕,✕,
University of New Mexico,★★★☆☆,アメリカ,,,,,1889,,,★☆☆☆☆,,,,,,,,,,,,★☆☆☆☆,,,,,,★☆☆☆☆,,,,✕,✕,✕,✕,✕,✕,✕,✕,
University of Notre Dame,★★★★★,アメリカ,,,,,1842,,,★★☆☆☆,,,,,,,,,,,,★★★★★,,,,,,★★★☆☆,,,,✕,✕,✕,✕,✕,△,〇,✕,
University of Oregon,★★★★☆,アメリカ,,,,,1876,,,★★★☆☆,,,,,,,,,,,,★☆☆☆☆,,,,,,★☆☆☆☆,,,,✕,✕,✕,✕,✕,✕,〇,✕,
University of Oulu,★★★★☆,,,,,,1958,,,★★☆☆☆,,,,,,,,,,,,★☆☆☆☆,,,,,,★☆☆☆☆,,,,✕,✕,✕,✕,✕,✕,✕,✕,
University of Padua,★★★☆☆,,,,,,1222,,,★☆☆☆☆,,,,,,,,,,,,★☆☆☆☆,,,,,,★☆☆☆☆,,,,✕,✕,✕,✕,✕,✕,✕,✕,
University of Palermo,★★★☆☆,,,,,,1806,,,★☆☆☆☆,,,,,,,,,,,,★☆☆☆☆,,,,,,★☆☆☆☆,,,,✕,✕,✕,✕,✕,✕,✕,✕,
University of Pennsylvania,★★★★★,アメリカ,,,,,1740,,,★★★☆☆,,,,,,,,,,,,★★★★☆,,,,,,★☆☆☆☆,,,,〇,〇,〇,✕,✕,✕,✕,✕,
University of Perugia,★★★☆☆,,,,,,1308,,,★☆☆☆☆,,,,,,,,,,,,★☆☆☆☆,,,,,,★☆☆☆☆,,,,✕,✕,✕,✕,✕,✕,✕,✕,
University of Pisa,★★★★☆,,,,,,1343,,,★☆☆☆☆,,,,,,,,,,,,★☆☆☆☆,,,,,,★☆☆☆☆,,,,✕,✕,✕,✕,✕,✕,✕,✕,
University of Pittsburg,★★★★☆,アメリカ,,,,,1787,,,★☆☆☆☆,,,,,,,,,,,,★☆☆☆☆,,,,,,★☆☆☆☆,,,,✕,✕,✕,✕,✕,✕,〇,✕,
University of Puget Sound,★★★★☆,アメリカ,,,,,1888,,,★☆☆☆☆,,,,,,,,,,,,★★★☆☆,,,,,,★★★☆☆,,,,✕,✕,✕,✕,△,✕,✕,✕,
University of Rhode Island,★★★★☆,アメリカ,,,,,1892,,,★☆☆☆☆,,,,,,,,,,,,★★☆☆☆,,,,,,★★☆☆☆,,,,✕,✕,✕,✕,✕,✕,✕,✕,
University of Richmond,★★★★★,アメリカ,,,,,1830,,,★☆☆☆☆,,,,,,,,,,,,★★★★☆,,,,,,★☆☆☆☆,,,,✕,✕,✕,✕,△,✕,✕,✕,
University of Rochester,★★★★★,アメリカ,,,,,1850,,,★★☆☆☆,,,,,,,,,,,,★★★★☆,,,,,,★★☆☆☆,,,,✕,✕,〇,✕,✕,✕,✕,✕,
University of Saint Francis,★★★☆☆,アメリカ,,,,,1890,,,★☆☆☆☆,,,,,,,,,,,,★★☆☆☆,,,,,,★☆☆☆☆,,,,✕,✕,✕,✕,✕,✕,✕,✕,
University of Saint Mary,★★★☆☆,アメリカ,,,,,1923,,,★☆☆☆☆,,,,,,,,,,,,★★☆☆☆,,,,,,★☆☆☆☆,,,,✕,✕,✕,✕,✕,✕,✕,✕,
University of South Carolina,★★★★★,アメリカ,,,,,1801,,,★☆☆☆☆,,,,,,,,,,,,★★☆☆☆,,,,,,★☆☆☆☆,,,,✕,✕,✕,✕,✕,✕,〇,✕,
University of South Carolina Beaufort,★★★☆☆,アメリカ,,,,,1959,,,★☆☆☆☆,,,,,,,,,,,,★☆☆☆☆,,,,,,★☆☆☆☆,,,,✕,✕,✕,✕,✕,✕,✕,✕,
University of South Dakota,★★★★☆,アメリカ,,,,,1862,,,★☆☆☆☆,,,,,,,,,,,,★☆☆☆☆,,,,,,★☆☆☆☆,,,,✕,✕,✕,✕,✕,✕,✕,✕,
University of South Denmark,★★★★★,アメリカ,,,,,1998,,,★☆☆☆☆,,,,,,,,,,,,★☆☆☆☆,,,,,,★☆☆☆☆,,,,✕,✕,✕,✕,✕,✕,✕,✕,
University of South Florida,★★★★★,アメリカ,,,,,1956,,,★★☆☆☆,,,,,,,,,,,,★★☆☆☆,,,,,,★★☆☆☆,,,,✕,✕,✕,✕,✕,✕,✕,✕,
University of Southern Mississippi,★★★☆☆,アメリカ,,,,,1910,,,★☆☆☆☆,,,,,,,,,,,,★☆☆☆☆,,,,,,★☆☆☆☆,,,,✕,✕,✕,✕,✕,✕,✕,✕,
University of St Gallen,★★★★☆,,,,,,1898,,,★☆☆☆☆,,,,,,,,,,,,★☆☆☆☆,,,,,,★☆☆☆☆,,,,✕,✕,✕,✕,✕,✕,✕,✕,
University of St. Andrews,★★★★★,,,,,,1413,,,★☆☆☆☆,,,,,,,,,,,,★☆☆☆☆,,,,,,★★☆☆☆,,,,✕,✕,✕,✕,✕,✕,✕,✕,
University of St. Thomas (Texas),★★★★★,アメリカ,,,,,1947,,,★☆☆☆☆,,,,,,,,,,,,★★★★☆,,,,,,★★★★☆,,,,✕,✕,✕,✕,✕,✕,✕,✕,
University of Technology Sydney,★★★★★,,,,,,1988,,,★★☆☆☆,,,,,,,,,,,,★☆☆☆☆,,,,,,★☆☆☆☆,,,,✕,✕,✕,✕,✕,✕,✕,✕,
University of the Ozarks,★★★★☆,アメリカ,,,,,1834,,,★☆☆☆☆,,,,,,,,,,,,★★★☆☆,,,,,,★★☆☆☆,,,,✕,✕,✕,✕,△,✕,✕,✕,
University of Toronto,★★★★★,,,,,,1827,,,★★★★★,,,,,,,,,,,,★☆☆☆☆,,,,,,★☆☆☆☆,,,,✕,✕,✕,✕,✕,△,✕,✕,
University of Trento,★★★★☆,,,,,,1962,,,★☆☆☆☆,,,,,,,,,,,,★☆☆☆☆,,,,,,★☆☆☆☆,,,,✕,✕,✕,✕,✕,✕,✕,✕,
University of Turku,★★★★☆,,,,,,1920,,,★★☆☆☆,,,,,,,,,,,,★☆☆☆☆,,,,,,★☆☆☆☆,,,,✕,✕,✕,✕,✕,✕,✕,✕,
University of Turtin,★★★★☆,,,,,,1404,,,★☆☆☆☆,,,,,,,,,,,,★☆☆☆☆,,,,,,★☆☆☆☆,,,,✕,✕,✕,✕,✕,✕,✕,✕,
University of Twente,★★★★★,,,,,,1961,,,★★★☆☆,,,,,,,,,,,,★☆☆☆☆,,,,,,★☆☆☆☆,,,,✕,✕,✕,✕,✕,✕,✕,✕,
University of Warwick,★★★★★,,,,,,1965,,,★★★☆☆,,,,,,,,,,,,★☆☆☆☆,,,,,,★★☆☆☆,,,,✕,✕,✕,✕,✕,✕,✕,✕,
University of Waterloo,★★★★★,,,,,,1957,,,★★☆☆☆,,,,,,,,,,,,★★☆☆☆,,,,,,★☆☆☆☆,,,,✕,✕,✕,✕,✕,✕,✕,✕,
University of Wisconsin Platteville,★★★☆☆,アメリカ,,,,,1866,,,★☆☆☆☆,,,,,,,,,,,,★☆☆☆☆,,,,,,★★☆☆☆,,,,✕,✕,✕,✕,✕,✕,✕,✕,
University of Wisconsin River Falls,★★★☆☆,アメリカ,,,,,1874,,,★☆☆☆☆,,,,,,,,,,,,★☆☆☆☆,,,,,,★★☆☆☆,,,,✕,✕,✕,✕,✕,✕,✕,✕,
University of Wisconsin-Madison,★★★★★,アメリカ,,,,,1848,,,★★★☆☆,,,,,,,,,,,,★☆☆☆☆,,,,,,★☆☆☆☆,,,,✕,✕,✕,✕,✕,△,✕,✕,
Universityof Sydney,★★★★★,,,,,,1850,,,★★★★★,,,,,,,,,,,,★★☆☆☆,,,,,,★☆☆☆☆,,,,✕,✕,✕,✕,✕,〇,✕,✕,
Univesity of Southern California,★★★★★,アメリカ,,,,,1880,,,★★★★★,,,,,,,,,,,,★☆☆☆☆,,,,,,★☆☆☆☆,,,,〇,✕,〇,✕,✕,✕,✕,✕,
Vanderbilt University,★★★★★,アメリカ,,,,,1873,,,★★☆☆☆,,,,,,,,,,,,★★★★★,,,,,,★☆☆☆☆,,,,〇,〇,〇,✕,✕,△,✕,✕,
VanderCook College of Music,★★★★☆,アメリカ,,,,,1909,,,★☆☆☆☆,,,,,,,,,,,,★★★☆☆,,,,,,★☆☆☆☆,,,,✕,✕,✕,✕,✕,✕,✕,✕,
Vassar College,★★★★★,アメリカ,,,,,1861,,,★★☆☆☆,,,,,,,,,,,,★★★★☆,,,,,,★☆☆☆☆,,,,〇,✕,✕,✕,〇,✕,✕,✕,
Villanova University,★★★★★,アメリカ,,,,,1842,,,★☆☆☆☆,,,,,,,,,,,,★★★★☆,,,,,,★★★☆☆,,,,✕,✕,✕,✕,✕,✕,✕,✕,
Vin University,★★★☆☆,,,,,,2018,,,★☆☆☆☆,,,,,,,,,,,,★☆☆☆☆,,,,,,★☆☆☆☆,,,,✕,✕,✕,✕,✕,✕,✕,✕,
Virginia Tech,★★★★☆,アメリカ,,,,,1872,,,★☆☆☆☆,,,,,,,,,,,,★☆☆☆☆,,,,,,★☆☆☆☆,,,,✕,✕,✕,✕,✕,✕,〇,✕,
Virginia Wesleyan University,★★★★☆,アメリカ,,,,,19691,,,★☆☆☆☆,,,,,,,,,,,,★☆☆☆☆,,,,,,★☆☆☆☆,,,,✕,✕,✕,✕,✕,✕,✕,✕,
Wabash College,★★★★★,アメリカ,,,,,1832,,,★☆☆☆☆,,,,,,,,,,,,★★★☆☆,,,,,,★★★☆☆,,,,✕,✕,✕,✕,△,✕,✕,✕,
Wake Forest University,★★★★★,アメリカ,,,,,1834,,,★☆☆☆☆,,,,,,,,,,,,★★★★☆,,,,,,★☆☆☆☆,,,,✕,✕,✕,✕,✕,✕,〇,✕,
Walrren Wilson University,★★★☆☆,アメリカ,,,,,1894,,,★☆☆☆☆,,,,,,,,,,,,★★★☆☆,,,,,,★☆☆☆☆,,,,✕,✕,✕,✕,✕,✕,✕,✕,
Walsh University,★★★★☆,アメリカ,,,,,1960,,,★☆☆☆☆,,,,,,,,,,,,★★★☆☆,,,,,,★★☆☆☆,,,,✕,✕,✕,✕,✕,✕,✕,✕,
Wartburg College,★★★★☆,アメリカ,,,,,1852,,,★☆☆☆☆,,,,,,,,,,,,★★★☆☆,,,,,,★★☆☆☆,,,,✕,✕,✕,✕,△,✕,✕,✕,
Washington and Lee University,★★★★★,アメリカ,,,,,1749,,,★☆☆☆☆,,,,,,,,,,,,★★★★★,,,,,,★☆☆☆☆,,,,〇,〇,✕,✕,△,✕,✕,✕,
Washington College,★★★★★,アメリカ,,,,,1782,,,★☆☆☆☆,,,,,,,,,,,,★★★☆☆,,,,,,★★☆☆☆,,,,✕,✕,✕,✕,△,✕,✕,✕,
Washington University in St. Louis,★★★★★,アメリカ,,,,,1853,,,★☆☆☆☆,,,,,,,,,,,,★★★★☆,,,,,,★☆☆☆☆,,,,✕,〇,✕,✕,✕,△,✕,✕,
Wayland Baptist University,★★★☆☆,アメリカ,,,,,1908,,,★☆☆☆☆,,,,,,,,,,,,★☆☆☆☆,,,,,,★☆☆☆☆,,,,✕,✕,✕,✕,✕,✕,✕,✕,
Waynesburg University,★★★☆☆,アメリカ,,,,,1849,,,★☆☆☆☆,,,,,,,,,,,,★☆☆☆☆,,,,,,★☆☆☆☆,,,,✕,✕,✕,✕,✕,✕,✕,✕,
Wellesley College,★★★★★,アメリカ,,,,,1870,,,★★☆☆☆,,,,,,,,,,,,★★★★★,,,,,,★☆☆☆☆,,,,〇,〇,✕,✕,〇,✕,✕,✕,
Wesleyan University,★★★★★,アメリカ,,,,,1831,,,★★☆☆☆,,,,,,,,,,,,★★★★☆,,,,,,★☆☆☆☆,,,,〇,〇,✕,✕,△,✕,✕,✕,
West Virginia Wesleyan College,★★★★☆,アメリカ,,,,,1890,,,★☆☆☆☆,,,,,,,,,,,,★☆☆☆☆,,,,,,★☆☆☆☆,,,,✕,✕,✕,✕,✕,✕,✕,✕,
Western Illinois University,★★★☆☆,アメリカ,,,,,1899,,,★☆☆☆☆,,,,,,,,,,,,★☆☆☆☆,,,,,,★☆☆☆☆,,,,✕,✕,✕,✕,△,✕,✕,✕,
Westminster College Missouri,★★★☆☆,アメリカ,,,,,1851,,,★☆☆☆☆,,,,,,,,,,,,★☆☆☆☆,,,,,,★☆☆☆☆,,,,✕,✕,✕,✕,△,✕,✕,✕,
Westminster University,★★★★★,アメリカ,,,,,1875,,,★☆☆☆☆,,,,,,,,,,,,★★★★☆,,,,,,★★★★☆,,,,✕,✕,✕,✕,✕,✕,✕,✕,
Whitman College,★★★★★,アメリカ,,,,,1882,,,★★★☆☆,,,,,,,,,,,,★★★★☆,,,,,,★☆☆☆☆,,,,✕,✕,✕,✕,△,✕,✕,✕,
Whitworth University,★★★★★,アメリカ,,,,,1890,,,★★☆☆☆,,,,,,,,,,,,★★★★☆,,,,,,★★☆☆☆,,,,✕,✕,✕,✕,✕,✕,✕,✕,
Widner University,★★★☆☆,アメリカ,,,,,1821,,,★☆☆☆☆,,,,,,,,,,,,★★★★☆,,,,,,★☆☆☆☆,,,,✕,✕,✕,✕,✕,✕,✕,〇,
Wilks University,★★★☆☆,アメリカ,,,,,1933,,,★☆☆☆☆,,,,,,,,,,,,★★★★☆,,,,,,★★☆☆☆,,,,✕,✕,✕,✕,✕,✕,✕,〇,
Willamette University,★★★★☆,アメリカ,,,,,1842,,,★★☆☆☆,,,,,,,,,,,,★★★★☆,,,,,,★★☆☆☆,,,,✕,✕,✕,✕,△,✕,✕,✕,
William & Mary,★★★★★,アメリカ,,,,,1693,,,★★☆☆☆,,,,,,,,,,,,★☆☆☆☆,,,,,,★☆☆☆☆,,,,✕,✕,✕,✕,✕,✕,〇,✕,
William Baptist University,★★★★☆,アメリカ,,,,,1911,,,★☆☆☆☆,,,,,,,,,,,,★★★☆☆,,,,,,★☆☆☆☆,,,,✕,✕,✕,✕,✕,✕,✕,✕,
William Jewell College,★★★★★,アメリカ,,,,,1849,,,★☆☆☆☆,,,,,,,,,,,,★★★★☆,,,,,,★★★☆☆,,,,✕,✕,✕,✕,△,✕,✕,✕,
William Woods University,★★★☆☆,アメリカ,,,,,1870,,,★☆☆☆☆,,,,,,,,,,,,★★★☆☆,,,,,,★☆☆☆☆,,,,✕,✕,✕,✕,✕,✕,✕,✕,
Williams College,★★★★★,アメリカ,,,,,1793,,,★★★☆☆,,,,,,,,,,,,★★★★★,,,,,,★☆☆☆☆,,,,〇,〇,✕,✕,△,✕,✕,✕,
Wilmington College,★★★★☆,アメリカ,,,,,1870,,,★☆☆☆☆,,,,,,,,,,,,★★★☆☆,,,,,,★☆☆☆☆,,,,✕,✕,✕,✕,✕,✕,✕,✕,
Wilson College,★★★★☆,アメリカ,,,,,1869,,,★☆☆☆☆,,,,,,,,,,,,★★★☆☆,,,,,,★★☆☆☆,,,,✕,✕,✕,✕,△,✕,✕,✕,
Winston-Salem State University,★★★☆☆,アメリカ,,,,,1892,,,★☆☆☆☆,,,,,,,,,,,,★☆☆☆☆,,,,,,★☆☆☆☆,,,,✕,✕,✕,✕,✕,✕,✕,✕,
Wittenberg University,★★★★☆,アメリカ,,,,,1845,,,★☆☆☆☆,,,,,,,,,,,,★★★☆☆,,,,,,★★☆☆☆,,,,✕,✕,✕,✕,✕,✕,✕,✕,
Wofford College,★★★★★,アメリカ,,,,,1854,,,★☆☆☆☆,,,,,,,,,,,,★★★☆☆,,,,,,★★☆☆☆,,,,✕,✕,✕,✕,△,✕,✕,✕,
Worcester Polytechnic Institute,★★★★★,アメリカ,,,,,1865,,,★★☆☆☆,,,,,,,,,,,,★★★★☆,,,,,,★★☆☆☆,,,,✕,✕,✕,✕,✕,✕,✕,✕,
Wyoming Catholic College,★★☆☆☆,アメリカ,,,,,2005,,,★☆☆☆☆,,,,,,,,,,,,★★☆☆☆,,,,,,★☆☆☆☆,,,,✕,✕,✕,✕,✕,✕,✕,✕,
Yale University,★★★★★,アメリカ,,,,,1701,,,★★★☆☆,,,,,,,,,,,,★★★★★,,,,,,★☆☆☆☆,,,,〇,〇,〇,〇,✕,〇,✕,✕,
Yeshiva University,★★★☆☆,,,,,,1886,,,★☆☆☆☆,,,,,,,,,,,,★★★☆☆,,,,,,★☆☆☆☆,,,,✕,✕,✕,✕,✕,✕,✕,✕,
Yonsei University,★★★★★,,,,,,1885,,,★★☆☆☆,,,,,,,,,,,,★☆☆☆☆,,,,,,★☆☆☆☆,,,,✕,✕,✕,✕,✕,✕,✕,✕,
York University,★★★★☆,アメリカ,,,,,1959,,,★☆☆☆☆,,,,,,,,,,,,★☆☆☆☆,,,,,,★☆☆☆☆,,,,✕,✕,✕,✕,✕,✕,✕,✕,
Youngstown State University,★★★☆☆,アメリカ,,,,,1908,,,★☆☆☆☆,,,,,,,,,,,,★★☆☆☆,,,,,,★☆☆☆☆,,,,✕,✕,✕,✕,✕,✕,✕,✕,
エリザベト音楽,N/A,日本,,,,,1949,,,N/A,,,,,,,,,,,,N/A,,,,,,N/A,,,,✕,✕,✕,✕,✕,✕,✕,✕,
ものつくり大学,N/A,日本,,,,,2001,,,N/A,,,,,,,,,,,,N/A,,,,,,N/A,,,,✕,✕,✕,✕,✕,✕,✕,✕,
愛知東邦大学,N/A,日本,,,,,2001,,,N/A,,,,,,,,,,,,N/A,,,,,,N/A,,,,✕,✕,✕,✕,✕,✕,✕,✕,
愛知文教大学,N/A,日本,,,,,1998,,,N/A,,,,,,,,,,,,N/A,,,,,,N/A,,,,✕,✕,✕,✕,✕,✕,✕,✕,
育英大学,N/A,日本,,,,,2001,,,N/A,,,,,,,,,,,,N/A,,,,,,N/A,,,,✕,✕,✕,✕,✕,✕,✕,✕,
宇都宮共和大学,N/A,日本,,,,,1999,,,N/A,,,,,,,,,,,,N/A,,,,,,N/A,,,,✕,✕,✕,✕,✕,✕,✕,✕,
羽衣国際大学,N/A,日本,,,,,2002,,,N/A,,,,,,,,,,,,N/A,,,,,,N/A,,,,✕,✕,✕,✕,✕,✕,✕,✕,
園田学園女子大学,N/A,日本,,,,,1966,,,N/A,,,,,,,,,,,,N/A,,,,,,N/A,,,,✕,✕,✕,✕,✕,✕,✕,✕,
奥羽大学,N/A,日本,,,,,1989,,,N/A,,,,,,,,,,,,N/A,,,,,,N/A,,,,✕,✕,✕,✕,✕,✕,✕,✕,
横浜商科大学,N/A,日本,,,,,1989,,,N/A,,,,,,,,,,,,N/A,,,,,,N/A,,,,✕,✕,✕,✕,✕,✕,✕,✕,
横浜薬科大学,N/A,日本,,,,,2006,,,N/A,,,,,,,,,,,,N/A,,,,,,N/A,,,,✕,✕,✕,✕,✕,✕,✕,✕,
沖縄大学,N/A,日本,,,,,1974,,,N/A,,,,,,,,,,,,N/A,,,,,,N/A,,,,✕,✕,✕,✕,✕,✕,✕,✕,
海上保安大学校,N/A,日本,,,,,1951,,,N/A,,,,,,,,,,,,N/A,,,,,,N/A,,,,✕,✕,✕,✕,✕,✕,✕,✕,
学習院女子大学,N/A,日本,,,,,1949,,,N/A,,,,,,,,,,,,N/A,,,,,,N/A,,,,✕,✕,✕,✕,✕,✕,✕,✕,
関西福祉科学大学,N/A,日本,,,,,1997,,,N/A,,,,,,,,,,,,N/A,,,,,,N/A,,,,✕,✕,✕,✕,✕,✕,✕,✕,
関西福祉大学,N/A,日本,,,,,1997,,,N/A,,,,,,,,,,,,N/A,,,,,,N/A,,,,✕,✕,✕,✕,✕,✕,✕,✕,
関東学院大学,N/A,日本,,,,,1949,,,N/A,,,,,,,,,,,,N/A,,,,,,N/A,,,,✕,✕,✕,✕,✕,✕,✕,✕,
岐阜保険大学,N/A,日本,,,,,2006,,,N/A,,,,,,,,,,,,N/A,,,,,,N/A,,,,✕,✕,✕,✕,✕,✕,✕,✕,
気象大学校,N/A,日本,,,,,1949,,,N/A,,,,,,,,,,,,N/A,,,,,,N/A,,,,✕,✕,✕,✕,✕,✕,✕,✕,
宮崎国際大学,N/A,日本,,,,,1994,,,N/A,,,,,,,,,,,,N/A,,,,,,N/A,,,,✕,✕,✕,✕,✕,✕,✕,✕,
京都医療科学大学,N/A,日本,,,,,2007,,,N/A,,,,,,,,,,,,N/A,,,,,,N/A,,,,✕,✕,✕,✕,✕,✕,✕,✕,
京都先端科学大学,N/A,日本,,,,,1969,,,N/A,,,,,,,,,,,,N/A,,,,,,N/A,,,,✕,✕,✕,✕,✕,✕,✕,✕,
九州ルーテル学院大学,N/A,日本,,,,,1997,,,N/A,,,,,,,,,,,,N/A,,,,,,N/A,,,,✕,✕,✕,✕,✕,✕,✕,✕,
九州共立大学,N/A,日本,,,,,1965,,,N/A,,,,,,,,,,,,N/A,,,,,,N/A,,,,✕,✕,✕,✕,✕,✕,✕,✕,
九州産業大学,N/A,日本,,,,,1960,,,N/A,,,,,,,,,,,,N/A,,,,,,N/A,,,,✕,✕,✕,✕,✕,✕,✕,✕,
九州女子大学,N/A,日本,,,,,1960,,,N/A,,,,,,,,,,,,N/A,,,,,,N/A,,,,✕,✕,✕,✕,✕,✕,✕,✕,
広島都市学園大学,N/A,日本,,,,,1994,,,N/A,,,,,,,,,,,,N/A,,,,,,N/A,,,,✕,✕,✕,✕,✕,✕,✕,✕,
弘前医療福祉大学,N/A,日本,,,,,2002,,,N/A,,,,,,,,,,,,N/A,,,,,,N/A,,,,✕,✕,✕,✕,✕,✕,✕,✕,
弘前学院大学,N/A,日本,,,,,1999,,,N/A,,,,,,,,,,,,N/A,,,,,,N/A,,,,✕,✕,✕,✕,✕,✕,✕,✕,
高崎健康福祉大学,N/A,日本,,,,,2001,,,N/A,,,,,,,,,,,,N/A,,,,,,N/A,,,,✕,✕,✕,✕,✕,✕,✕,✕,
国際医療福祉大学,N/A,日本,,,,,1995,,,N/A,,,,,,,,,,,,N/A,,,,,,N/A,,,,✕,✕,✕,✕,✕,✕,✕,✕,
国際基督教大学 / ICU,N/A,日本,,,,,1949,,,N/A,,,,,,,,,,,,N/A,,,,,,N/A,,,,✕,✕,✕,✕,✕,✕,✕,✕,
国士舘大学,N/A,日本,,,,,1917,,,N/A,,,,,,,,,,,,N/A,,,,,,N/A,,,,✕,✕,✕,✕,✕,✕,✕,✕,
国立看護大学校,N/A,日本,,,,,1996,,,N/A,,,,,,,,,,,,N/A,,,,,,N/A,,,,✕,✕,✕,✕,✕,✕,✕,✕,
埼玉工業大学,N/A,日本,,,,,1976,,,N/A,,,,,,,,,,,,N/A,,,,,,N/A,,,,✕,✕,✕,✕,✕,✕,✕,✕,
札幌学院大学,N/A,日本,,,,,1968,,,N/A,,,,,,,,,,,,N/A,,,,,,N/A,,,,✕,✕,✕,✕,✕,✕,✕,✕,
札幌大谷大学,N/A,日本,,,,,2006,,,N/A,,,,,,,,,,,,N/A,,,,,,N/A,,,,✕,✕,✕,✕,✕,✕,✕,✕,
三育学院大学,N/A,日本,,,,,2008,,,N/A,,,,,,,,,,,,N/A,,,,,,N/A,,,,✕,✕,✕,✕,✕,✕,✕,✕,
四国学院大学,N/A,日本,,,,,1949,,,N/A,,,,,,,,,,,,N/A,,,,,,N/A,,,,✕,✕,✕,✕,✕,✕,✕,✕,
純真学園大学,N/A,日本,,,,,2002,,,N/A,,,,,,,,,,,,N/A,,,,,,N/A,,,,✕,✕,✕,✕,✕,✕,✕,✕,
昭和音楽大学,N/A,日本,,,,,1984,,,N/A,,,,,,,,,,,,N/A,,,,,,N/A,,,,✕,✕,✕,✕,✕,✕,✕,✕,
新潟医療福祉大学,N/A,日本,,,,,2001,,,N/A,,,,,,,,,,,,N/A,,,,,,N/A,,,,✕,✕,✕,✕,✕,✕,✕,✕,
新潟経営大学,N/A,日本,,,,,1994,,,N/A,,,,,,,,,,,,N/A,,,,,,N/A,,,,✕,✕,✕,✕,✕,✕,✕,✕,
神戸女学院大学,N/A,日本,,,,,1948,,,N/A,,,,,,,,,,,,N/A,,,,,,N/A,,,,✕,✕,✕,✕,✕,✕,✕,✕,
神戸松蔭女子学院大学,N/A,日本,,,,,1966,,,N/A,,,,,,,,,,,,N/A,,,,,,N/A,,,,✕,✕,✕,✕,✕,✕,✕,✕,
神戸薬科大学,N/A,日本,,,,,1930,,,N/A,,,,,,,,,,,,N/A,,,,,,N/A,,,,✕,✕,✕,✕,✕,✕,✕,✕,
神奈川大学,N/A,日本,,,,,1928,,,N/A,,,,,,,,,,,,N/A,,,,,,N/A,,,,✕,✕,✕,✕,✕,✕,✕,✕,
身延山大学,N/A,日本,,,,,1994,,,N/A,,,,,,,,,,,,N/A,,,,,,N/A,,,,✕,✕,✕,✕,✕,✕,✕,✕,
人間環境大学,N/A,日本,,,,,2000,,,N/A,,,,,,,,,,,,N/A,,,,,,N/A,,,,✕,✕,✕,✕,✕,✕,✕,✕,
水産大学校,N/A,日本,,,,,1941,,,N/A,,,,,,,,,,,,N/A,,,,,,N/A,,,,✕,✕,✕,✕,✕,✕,✕,✕,
成城大学,N/A,日本,,,,,1950,,,N/A,,,,,,,,,,,,N/A,,,,,,N/A,,,,✕,✕,✕,✕,✕,✕,✕,✕,
聖泉大学,N/A,日本,,,,,1985,,,N/A,,,,,,,,,,,,N/A,,,,,,N/A,,,,✕,✕,✕,✕,✕,✕,✕,✕,
西九州大学,N/A,日本,,,,,1968,,,N/A,,,,,,,,,,,,N/A,,,,,,N/A,,,,✕,✕,✕,✕,✕,✕,✕,✕,
西日本工業大学,N/A,日本,,,,,1967,,,N/A,,,,,,,,,,,,N/A,,,,,,N/A,,,,✕,✕,✕,✕,✕,✕,✕,✕,
青森中央学院大学,N/A,日本,,,,,1998,,,N/A,,,,,,,,,,,,N/A,,,,,,N/A,,,,✕,✕,✕,✕,✕,✕,✕,✕,
静岡英和学院大学,N/A,日本,,,,,2002,,,N/A,,,,,,,,,,,,N/A,,,,,,N/A,,,,✕,✕,✕,✕,✕,✕,✕,✕,
静岡産業大学,N/A,日本,,,,,1994,,,N/A,,,,,,,,,,,,N/A,,,,,,N/A,,,,✕,✕,✕,✕,✕,✕,✕,✕,
静岡福祉大学,N/A,日本,,,,,2004,,,N/A,,,,,,,,,,,,N/A,,,,,,N/A,,,,✕,✕,✕,✕,✕,✕,✕,✕,
石巻専修大学,N/A,日本,,,,,1989,,,N/A,,,,,,,,,,,,N/A,,,,,,N/A,,,,✕,✕,✕,✕,✕,✕,✕,✕,
千葉科学大学,N/A,日本,,,,,2004,,,N/A,,,,,,,,,,,,N/A,,,,,,N/A,,,,✕,✕,✕,✕,✕,✕,✕,✕,
専修大学,N/A,日本,,,,,1880,,,N/A,,,,,,,,,,,,N/A,,,,,,N/A,,,,✕,✕,✕,✕,✕,✕,✕,✕,
大阪芸術大学,N/A,日本,,,,,1945,,,N/A,,,,,,,,,,,,N/A,,,,,,N/A,,,,✕,✕,✕,✕,✕,✕,✕,✕,
大阪公立大学,N/A,日本,,,,,2022,,,N/A,,,,,,,,,,,,N/A,,,,,,N/A,,,,✕,✕,✕,✕,✕,✕,✕,✕,
大阪工業大学,N/A,日本,,,,,1922,,,N/A,,,,,,,,,,,,N/A,,,,,,N/A,,,,✕,✕,✕,✕,✕,✕,✕,✕,
大阪川﨑リハビリテーション大学,N/A,日本,,,,,2008,,,N/A,,,,,,,,,,,,N/A,,,,,,N/A,,,,✕,✕,✕,✕,✕,✕,✕,✕,
大阪体育大学,N/A,日本,,,,,1955,,,N/A,,,,,,,,,,,,N/A,,,,,,N/A,,,,✕,✕,✕,✕,✕,✕,✕,✕,
大手前大学,N/A,日本,,,,,1990,,,N/A,,,,,,,,,,,,N/A,,,,,,N/A,,,,✕,✕,✕,✕,✕,✕,✕,✕,
中京大学,N/A,日本,,,,,1954,,,N/A,,,,,,,,,,,,N/A,,,,,,N/A,,,,✕,✕,✕,✕,✕,✕,✕,✕,
中部大学,N/A,日本,,,,,1966,,,N/A,,,,,,,,,,,,N/A,,,,,,N/A,,,,✕,✕,✕,✕,✕,✕,✕,✕,
長岡大学,N/A,日本,,,,,1994,,,N/A,,,,,,,,,,,,N/A,,,,,,N/A,,,,✕,✕,✕,✕,✕,✕,✕,✕,
長野保健福祉大学,N/A,日本,,,,,1999,,,N/A,,,,,,,,,,,,N/A,,,,,,N/A,,,,✕,✕,✕,✕,✕,✕,✕,✕,
鳥取看護大学,N/A,日本,,,,,2006,,,N/A,,,,,,,,,,,,N/A,,,,,,N/A,,,,✕,✕,✕,✕,✕,✕,✕,✕,
鎮西学院大学,N/A,日本,,,,,1955,,,N/A,,,,,,,,,,,,N/A,,,,,,N/A,,,,✕,✕,✕,✕,✕,✕,✕,✕,
帝京大学,N/A,日本,,,,,1966,,,N/A,,,,,,,,,,,,N/A,,,,,,N/A,,,,✕,✕,✕,✕,✕,✕,✕,✕,
東海学園大学,N/A,日本,,,,,1965,,,N/A,,,,,,,,,,,,N/A,,,,,,N/A,,,,✕,✕,✕,✕,✕,✕,✕,✕,
東京工科大学,N/A,日本,,,,,1986,,,N/A,,,,,,,,,,,,N/A,,,,,,N/A,,,,✕,✕,✕,✕,✕,✕,✕,✕,
東京国際大学,N/A,日本,,,,,1965,,,N/A,,,,,,,,,,,,N/A,,,,,,N/A,,,,✕,✕,✕,✕,✕,✕,✕,✕,
東京成徳大学,N/A,日本,,,,,1966,,,N/A,,,,,,,,,,,,N/A,,,,,,N/A,,,,✕,✕,✕,✕,✕,✕,✕,✕,
東京都立大学,N/A,日本,,,,,1949,,,N/A,,,,,,,,,,,,N/A,,,,,,N/A,,,,✕,✕,✕,✕,✕,✕,✕,✕,
東京富士大学,N/A,日本,,,,,2009,,,N/A,,,,,,,,,,,,N/A,,,,,,N/A,,,,✕,✕,✕,✕,✕,✕,✕,✕,
二松学舎大学,N/A,日本,,,,,1906,,,N/A,,,,,,,,,,,,N/A,,,,,,N/A,,,,✕,✕,✕,✕,✕,✕,✕,✕,
日本工業大学,N/A,日本,,,,,1907,,,N/A,,,,,,,,,,,,N/A,,,,,,N/A,,,,✕,✕,✕,✕,✕,✕,✕,✕,
日本国際学園大学,N/A,日本,,,,,1925,,,N/A,,,,,,,,,,,,N/A,,,,,,N/A,,,,✕,✕,✕,✕,✕,✕,✕,✕,
日本体育大学,N/A,日本,,,,,1893,,,N/A,,,,,,,,,,,,N/A,,,,,,N/A,,,,✕,✕,✕,✕,✕,✕,✕,✕,
函館大学,N/A,日本,,,,,1999,,,N/A,,,,,,,,,,,,N/A,,,,,,N/A,,,,✕,✕,✕,✕,✕,✕,✕,✕,
姫路大学,N/A,日本,,,,,1994,,,N/A,,,,,,,,,,,,N/A,,,,,,N/A,,,,✕,✕,✕,✕,✕,✕,✕,✕,
福岡工業大学,N/A,日本,,,,,1967,,,N/A,,,,,,,,,,,,N/A,,,,,,N/A,,,,✕,✕,✕,✕,✕,✕,✕,✕,
福岡国際医療福祉大学,N/A,日本,,,,,2006,,,N/A,,,,,,,,,,,,N/A,,,,,,N/A,,,,✕,✕,✕,✕,✕,✕,✕,✕,
兵庫県立大学,N/A,日本,,,,,2004,,,N/A,,,,,,,,,,,,N/A,,,,,,N/A,,,,✕,✕,✕,✕,✕,✕,✕,✕,
別府大学,N/A,日本,,,,,1954,,,N/A,,,,,,,,,,,,N/A,,,,,,N/A,,,,✕,✕,✕,✕,✕,✕,✕,✕,
豊田工業大学,N/A,日本,,,,,1961,,,N/A,,,,,,,,,,,,N/A,,,,,,N/A,,,,✕,✕,✕,✕,✕,✕,✕,✕,
防衛医科大学校,N/A,日本,,,,,1973,,,N/A,,,,,,,,,,,,N/A,,,,,,N/A,,,,✕,✕,✕,✕,✕,✕,✕,✕,
防衛大学校,N/A,日本,,,,,1953,,,N/A,,,,,,,,,,,,N/A,,,,,,N/A,,,,✕,✕,✕,✕,✕,✕,✕,✕,
北海道科学大学,N/A,日本,,,,,1967,,,N/A,,,,,,,,,,,,N/A,,,,,,N/A,,,,✕,✕,✕,✕,✕,✕,✕,✕,
明治大学,N/A,日本,,,,,1881,,,N/A,,,,,,,,,,,,N/A,,,,,,N/A,,,,✕,✕,✕,✕,✕,✕,✕,✕,
和洋女子大学,N/A,日本,,,,,1897,,,N/A,,,,,,,,,,,,N/A,,,,,,N/A,,,,✕,✕,✕,✕,✕,✕,✕,✕,
