大学名,都市,学生数,留学生割合,全体倍率,留学生倍率,TOEFL,IELTS,Duolingo,最終出願締切,年間授業料,年間生活費,奨学金平均額,専攻リンク,全額免除奨学金,授業料免除奨学金,Need,柳井,笹川,グルー,YAWelcome,N100,Latitude,Longitude
Aalto University,Espoo,"12,000",6%,5.55,N/A,92,6.5,N/A,Jan-23,"€12,000 - 15,000","€14,000 - 18,000",N/A,https://www.aalto.fi/en/study-at-aalto/bachelors-programmes-in-english,✕,〇,✕,✕,✕,✕,✕,✕,60.1861,24.8281
Adrian College,Adrian,"1,700",6%,1.47,2.4,85,N/A,N/A,Jan-05,"$42,000","$15,000","$33,000",https://www.adrian.edu/academics/undergraduate-programs,✕,✕,〇,✕,✕,✕,✕,✕,41.8985,-84.0608
Agnes Scott College,Decatur,"1,100",2%,1.61,4.72,80,6.5,110,Jan-15,"$53,000","$14,000","$36,000",https://www.agnesscott.edu/academics/majors-minors/index.html,〇,✕,✕,✕,✕,△,✕,✕,33.7689,-84.2944
Ajou University,Suwon,"9,000",N/A,2.5,N/A,71,6,N/A,May-30,"$5,200 - $13,000","$8,000",N/A,https://www.ajou.ac.kr/en/admission/college-of-engineering.do,✕,〇,✕,✕,✕,✕,✕,✕,37.283,127.0454
Alabama A&M University,Huntsville,"6,600",1%,1.47,N/A,72,6.5,105,Apr-15,"$36,000","$11,000",N/A,https://www.aamu.edu/academics/undergraduate-studies/index.html?programTypeFilter=all&collegeFilter=all&sortFilter=department,✕,〇,✕,✕,✕,✕,✕,✕,34.7839,-86.5684
Albertus Magnus College,New Haven,"1,100",4%,1.55,6.06,80,6,100,May-01,"$41,000","$16,000","$30,000",https://www.albertus.edu/undergraduate-degrees/undergraduate-degree-programs/,✕,〇,✕,✕,✕,△,✕,✕,41.3328,-72.9225
Allegheny College,Meadville,"1,400",2%,1.44,2.7,80,6.5,110,Feb-15,"$55,000","$15,000","$43,000",https://allegheny.edu/academics/majors-minors/,✕,✕,〇,✕,✕,△,✕,✕,41.6481,-80.1453
American College Dublin,County Dublin,600,N/A,1.89,N/A,60,6,105,Rolling,"$9,500","$15,000",N/A,https://acd.iamu.edu/academics/courses/courses-undergrad/,✕,〇,✕,✕,✕,✕,✕,✕,53.3412,-6.2503
American University,Washington,"12,300",7%,1.62,2.38,85,6.5,120,Jan-15,"$61,000","$20,000","$44,000",https://accelerator.american.edu/undergraduate-degrees/,〇,✕,✕,✕,✕,✕,✕,✕,38.9378,-77.0895
American University in Dubai,Dubai,"1,800",60%,1.43,2,79,6.5,N/A,Jul-07,"$30,000","$21,000",N/A,https://www.aud.edu/programs/,〇,〇,✕,✕,✕,✕,✕,✕,25.0915,55.1557
American University of Sharjah,Sharjah,"5,000",60%,1.1,1.43,80,6.5,N/A,Apr-16,"$12,000","$16,000",N/A,https://www.aus.edu/academics/departments-and-programs,〇,〇,✕,✕,✕,✕,✕,✕,25.3109,55.4919
Amherst College,Amherst,"1,900",13%,11.1,37.9,N/A,N/A,N/A,Jan-05,"$71,000","$19,000","$83,000",https://www.amherst.edu/academiclife/departments,✕,✕,〇,〇,〇,△,✕,〇,42.3704,-72.5161
Antioch College,Yellow Springs,100,7%,1.4,N/A,80,6.5,105,Rolling,"$37,000","$10,000","$35,000",https://antiochcollege.edu/academics/,✕,✕,〇,✕,✕,△,✕,✕,39.7981,-83.8881
Aquinas College,Grand Rapids,"1,200",5%,1.1,1.55,70,6.5,105,Rolling,"$39,000","$12,000","$31,000",https://www.aquinas.edu/academics/undergraduate.html,✕,〇,〇,✕,✕,△,✕,✕,42.9598,-85.625
Arkansas State University,Jonesboro,"16,700",7%,1.43,N/A,83,6.5,N/A,Feb-01,"$13,000","$11,000",N/A,https://www.astate.edu/info/academics/degrees/,✕,〇,✕,✕,✕,✕,✕,✕,35.8447,-90.6726
Arkansas Tech University,Russellville,"8,700",2%,1.1,N/A,61,5.5,N/A,Mar-31,"$17,000","$10,000",N/A,https://www.atu.edu/degrees.php,✕,〇,✕,✕,✕,✕,✕,✕,35.2937,-93.1355
Ashland University,Ashland,"5,100",1%,1.39,1.78,67,6,95,Jan-15,"$24,000","$13,000","$15,000",https://www.ashland.edu/academic-programs,✕,✕,〇,✕,✕,✕,✕,✕,40.8621,-82.3256
Asia University in Taiwan,Wufeng District,"10,000",25%,1,N/A,42,4,N/A,Rolling,"$3,600","$4,000","$12,600",https://webs.asia.edu.tw,✕,〇,✕,✕,✕,✕,✕,✕,24.0462,120.686
Augustana College,Rock Island,"2,500",17%,1.59,2.26,80,6.5,115,Jul-01,"$52,000","$13,000","$37,000",https://www.augustana.edu/academics/catalog/areas-of-study,✕,✕,〇,✕,✕,△,✕,✕,41.5015,-90.5504
Azusa Pacific University,Azusa,"6,500",4%,1.27,1.65,80,6.5,115,Jan-06,"$44,000","$12,000","$25,000",https://www.apu.edu/financial-aid/types/academic/,✕,〇,✕,✕,✕,✕,✕,✕,34.1304,-117.888
Babson College,Wellesley,"2,800",28%,5.85,8.3,N/A,N/A,N/A,Jan-02,"$60,000","$23,000","$52,000",https://www.babson.edu/undergraduate/academics/concentrations//,✕,〇,〇,✕,✕,✕,✕,〇,42.2984,-71.2657
Bard College,Dutchess County,"2,000",15%,2.12,4.5,N/A,N/A,N/A,Jan-15,"$64,000","$20,000","$59,000",https://www.bard.edu/academics/programs/,✕,✕,〇,✕,✕,△,✕,✕,42.0216,-73.9069
Bard College at Simon's Rock,Great Barrington,300,17%,1.04,1.24,100,7,`120,Apr-01,"$68,000","$19,000","$38,000",https://simons-rock.edu/early-college/academic-experience/degree-options-ba-and-aa.php,✕,✕,〇,✕,✕,△,✕,✕,42.207,-73.3751
Bard College Berlin,Berlin,110,71%,2.27,N/A,95,7,N/A,Apr-01,"$26,000","$10,375",N/A,https://berlin.bard.edu/academics/degree-programs/,〇,〇,✕,✕,✕,✕,✕,✕,52.5839,13.3997
Barnard College,New York,"3,200",14%,12.56,21.5,105,7.5,135,Jan-01,"$68,000","$22,000","$44,000",https://barnard.edu/departments-and-programs,✕,✕,〇,〇,〇,〇,✕,〇,40.8095,-73.9636
Barry University,Miami Shores,"2,900",8%,2.15,6.27,61,6,85,Jan-15,"$34,000","$18,000","$26,000",https://www.barry.edu/en/,〇,✕,✕,✕,✕,✕,✕,✕,25.879,-80.2015
Barton College,Wilson,"1,163",4%,1.09,N/A,71,6,95,Rolling,"$37,000","$13,000","$29,000",https://www.barton.edu/academic-programs/,✕,✕,〇,✕,✕,△,✕,✕,35.7354,-77.9125
Bates College,Lewiston,"1,700",10%,7.52,33.52,N/A,N/A,N/A,Jan-10,"$71,000","$20,000","$74,000",https://www.bates.edu/academics/,✕,✕,〇,✕,✕,△,✕,〇,44.1048,-70.198
Bay Path University,Longmeadow,"1,400",1%,1.32,N/A,80,6,N/A,Jan-20,"$39,000","$14,000","$32,000",https://www.baypath.edu/academics/undergraduate-programs/,✕,〇,〇,✕,✕,✕,✕,✕,44.1048,-70.198
Baylor University,Waco,"15,000",3%,1.95,1.91,80,6.5,110,Nov-11,"$64,000","$17,000","$29,000",https://admissions.web.baylor.edu/about-baylor/majors-minors,〇,〇,✕,✕,✕,✕,✕,✕,31.5504,-97.1103
Beijing Language and Culture University,Bei Jing Shi,"12,000",7%,3.34,4.2,80,6.5,N/A,Apr-30,"$5,000","$5,000",N/A,https://admission.blcu.edu.cn/en/2023/1116/c1589a2617/page.htm,✕,〇,✕,✕,✕,✕,✕,✕,39.9936,116.3418
Bellarmine University,Louisville,"2,400",2%,1.16,N/A,80,6,105,Rolling,"$49,000","$13,000","$24,000",https://www.bellarmine.edu/programs/,✕,✕,〇,✕,✕,✕,✕,✕,38.2188,-85.7058
Beloit College,Beloit,"1,000",14%,1.74,4.34,80,6.5,115,Apr-01,"$61,000","$13,000","$45,000",https://www.beloit.edu/academics/majors-minors/,✕,✕,〇,✕,✕,△,✕,✕,42.501,-89.0158
Benedictine College,Atchison,"2,200",2%,1.32,N/A,90,7,110,Rolling,"$36,000","$13,000","$25,000",https://www.benedictine.edu/academics/degrees,✕,〇,✕,✕,✕,✕,✕,✕,39.5749,-95.1138
Bennington College,Bennington,800,13%,2.25,12.79,100,7,130,Apr-08,"$68,000","$20,000","$63,000",https://www.bennington.edu/academics/areas-of-study,✕,✕,〇,✕,✕,△,✕,✕,42.9182,-73.2394
Berea College,Berea,"1,500",8%,3.34,34,68,6,95,Dec-31,"$49,000","$8,000","$51,000",https://www.berea.edu/academics/majors-and-minors,✕,✕,〇,✕,✕,△,✕,〇,37.5715,-84.2898
Berklee College of Music,Boston,"4,400",30%,2.3,2.2,72,6,110,Jan-15,"$53,000","$22,000","$21,000",https://college.berklee.edu/majors,〇,〇,✕,✕,✕,✕,✕,✕,42.3457,-71.0868
Bilkent University,Çankaya,"13,000",6%,3.34,N/A,87,N/A,N/A,Jun-01,"$14,500","$17,000",N/A,https://w3.bilkent.edu.tr/international/undergraduate-programs/,〇,〇,✕,✕,✕,✕,✕,✕,39.8705,32.7539
Boise State University,Boise,"27,000",1%,1.19,N/A,68,6,N/A,Feb-15,"$25,000","$17,000","$7,000",https://majors.boisestate.edu/,✕,〇,✕,✕,✕,✕,✕,✕,43.6033,-116.199
Boston University,Boston,"19,000",21%,9.01,15.88,90,7,125,Jan-05,"$67,000","$20,000","$46,000",https://www.bu.edu/admissions/why-bu/academics/majors/,✕,〇,✕,✕,✕,✕,✕,✕,42.3504,-71.1032
Bowdoin College,Brunswick,"1,800",7%,14.02,69.44,N/A,N/A,N/A,Jan-05,"$68,000","$19,000","$79,000",https://www.bowdoin.edu/ir/data/currentmajorsminors.html,✕,✕,〇,〇,〇,△,✕,〇,43.9013,-69.9598
Boyce College,Louisville,800,1%,1.15,N/A,80,6,N/A,Jan-01,"$10,000","$7,000",N/A,https://boycecollege.com/academics/,✕,✕,〇,✕,✕,△,✕,✕,38.2188,-85.7058
Brandeis University,Waltham,"3,700",21%,2.47,4.99,N/A,N/A,N/A,Jan-15,"$70,000","$20,000","$57,000",https://www.brandeis.edu/admissions/academics/majors-minors.html,✕,✕,〇,✕,✕,✕,✕,✕,42.3665,-71.258
Briar Cliff University,Sioux City,700,6%,1.67,N/A,70,5.5,95,Jan-20,"$36,000","$11,000","$27,000",https://www.briarcliff.edu/current-chargers/academics/undergraduate-programs,✕,〇,✕,✕,✕,✕,✕,✕,42.5267,-96.4284
Brigham Young University,Provo,"32,000",3%,1.48,1.7,80,6.5,N/A,Dec-15,"$14,000","$11,000","$7,000",https://universityadvisement.byu.edu/byu-majors,✕,✕,〇,✕,✕,✕,✕,✕,40.2554,-111.65
Brown University,Providence,"7,800",12%,18.54,22.99,105,8,135,Jan-05,"$72,000","$19,000","$83,000",https://www.brown.edu/undergraduate-programs,✕,✕,〇,〇,〇,✕,✕,〇,41.8186,-71.4088
Bryn Mawr College,Bryn Mawr,"1,300",13%,3.4,10.71,100,7,130,Jan-15,"$68,000","$21,000","$73,000",https://www.brynmawr.edu/academics/majors-minors-concentrations,✕,✕,〇,✕,✕,〇,✕,〇,40.0287,-75.3155
Bucknell University,Lewisburg,"4,000",5%,3.46,19.88,100,7,130,Jan-10,"$70,000","$18,000","$53,000",https://www.bucknell.edu/academics/majors-minors,✕,〇,〇,✕,✕,△,✕,✕,40.9515,-76.888
California Institute of Technology,Pasadena,"1,000",12%,38.9,75,100,7,130,Jan-05,"$66,000","$22,000","$83,000",https://www.admissions.caltech.edu/why-caltech/academics/majors-minors,✕,✕,〇,〇,〇,✕,✕,〇,34.137,-118.125
California Lutheran University,Thousand Oaks,"2,400",4%,1.33,2.08,88,6.5,120,Jan-15,"$54,000","$19,000","$37,000",https://www.callutheran.edu/academics/majors/,✕,✕,〇,✕,✕,✕,✕,✕,34.2266,-118.879
Cameron University,Lawton,"3,200",2%,1,1,61,5.5,N/A,Mar-20,"$15,000","$10,000","$16,000",https://www.cameron.edu/academics/degrees-majors,✕,〇,✕,✕,✕,✕,✕,✕,34.6017,-98.4442
Campbellsville University,Campbellsville,"6,800",5%,1.02,N/A,N/A,N/A,N/A,Dec-31,"$28,000","$11,000","$27,000",https://www.campbellsville.edu/academics/academic-affairs/academic-programs.html,✕,〇,✕,✕,✕,✕,✕,✕,37.3432,-85.3506
Capital University,Bexley,"2,100",2%,1.39,N/A,71,6,N/A,Rolling,"$43,000","$15,000","$27,000",https://www.capital.edu/academics/majors-and-minors/,✕,✕,〇,✕,✕,✕,✕,✕,37.3432,-82.9376
Carleton College,Northfield,"2,100",10%,4.49,19.41,100,7,130,Jan-15,"$73,000","$20,000","$64,000",https://www.carleton.edu/admissions/explore/majors/,〇,✕,〇,〇,〇,△,✕,〇,39.9554,-93.1415
Carnegie Mellon University in Qatar,Ar Rayyan,400,37%,5.89,N/A,N/A,N/A,N/A,Feb-01,"$44,000","$13,000",N/A,https://www.qatar.cmu.edu/academics-research/academics/,✕,〇,✕,〇,〇,✕,✕,✕,44.4718,-93.1415
Carthage College,Kenosha,"2,500",N/A,1.15,N/A,78,6,N/A,May-01,"$37,000","$13,000","$28,000",https://www.carthage.edu/academics/majors-minors/,✕,✕,〇,✕,✕,△,✕,✕,42.6228,-87.8223
Case Western Reserve University,Cleveland,"6,200",13%,2.65,4.94,90,7,115,Jan-15,"$66,000","$18,000","$35,000",https://case.edu/admission/academics,✕,〇,〇,✕,✕,✕,✕,〇,41.5014,-81.6007
Catawba College,Salisbury,"1,100",6%,1.33,10.34,79,6,100,Mar-15,"$35,000","$14,000","$34,000",https://catawba.edu/programs/,✕,〇,〇,✕,✕,△,✕,✕,35.6916,-80.486
Cedar Crest College,Allentown,900,5%,1.01,N/A,N/A,N/A,N/A,Rolling,"$46,000","$14,000","$34,000",https://www.cedarcrest.edu/programs-majors/,✕,〇,✕,✕,✕,✕,✕,✕,40.587,-75.5196
Cedarville University,Cedarville,"4,900",2%,1.59,N/A,80,6.5,N/A,Rolling,"$37,000","$16,000","$25,000",https://www.cedarville.edu/Academic-Programs/,✕,✕,〇,✕,✕,✕,✕,✕,39.754,-83.8171
Central Methodist University,Fayette,"1,000",8%,1.14,N/A,N/A,N/A,95,Feb-01,"$29,000","$15,000","$20,000",https://centralmethodist.edu/academics/undergraduate/index.html,✕,〇,✕,✕,✕,✕,✕,✕,39.1509,-92.6864
Central Michigan University,Mount Pleasant,"10,000",3%,1.11,N/A,79,6.5,100,Rolling,"$15,000","$14,000","$16,000",https://www.cmich.edu/program-finder,〇,✕,✕,✕,✕,✕,✕,✕,43.5835,-84.7746
Central State University,Wilberforce,"3,400",2%,2.17,N/A,61,5.5,90,Apr-07,"$13,000","$13,000","$4,000",https://www.centralstate.edu/academics/explore-our-programs,✕,〇,✕,✕,✕,✕,✕,✕,39.7165,-83.8757
Central Washington University,Ellensburg,"8,300",3%,1.11,2.52,71,6,105,Mar-01,"$26,000","$17,000","$7,700",https://www.cwu.edu/academics/explore-programs/,✕,〇,✕,✕,✕,✕,✕,✕,47.0065,-120.537
Centre College,Danville,"1,400",5%,1.6,4.5,93,7,125,Feb-01,"$55,000","$16,000","$47,000",https://www.centre.edu/academics/majors-minors-programs,〇,✕,〇,✕,✕,△,✕,✕,37.6444,-84.781
Chatham University,Pittsburgh,"1,500",3%,1.61,30.88,79,6.5,105,Feb-06,"$45,000","$14,000","$35,000",https://www.chatham.edu/academics/index.html,✕,〇,〇,✕,✕,✕,✕,✕,40.4476,-79.924
Christendom College,Front Royal,550,N/A,1.2,N/A,N/A,N/A,N/A,Mar-15,"$31,000","$13,000",N/A,https://www.christendom.edu/academics/majors-minors/,✕,✕,〇,✕,✕,✕,✕,✕,38.951,-78.145
Chung-Ang University,Seoul,"34,000",7%,1.67,N/A,71,6,N/A,Apr-16,"$9,000","$9,000",N/A,https://neweng.cau.ac.kr/cms/FR_CON/index.do?MENU_ID=630,✕,〇,✕,✕,✕,✕,✕,✕,37.5043,126.9563
City University of Hong Kong,Kowloon,"25,000",35%,2.78,N/A,79,6.5,N/A,Jan-09,"$23,000","$12,000",N/A,https://www.cityu.edu.hk/academic/catalogue,〇,〇,✕,✕,✕,✕,✕,✕,22.34,114.1697
Claremont McKenna College,Claremont,"1,400",15%,10.43,17.78,100,7.5,130,Jan-10,"$72,000","$21,000","$69,000",https://www.cmc.edu/academic/departments-majors-programs,✕,✕,〇,〇,〇,△,✕,〇,34.1,-117.706
Clark University,Worcester,"2,400",5%,2.08,6.67,85,6.5,120,Jan-15,"$52,000","$11,000","$26,000",https://www.clarku.edu/programs/majors-and-minors/,✕,〇,〇,✕,✕,△,✕,✕,42.2515,-71.823
Clarke University,Dubuque,900,7%,1.47,N/A,75,6,105,Apr-26,"$42,000","$13,000","$29,000",https://www.clarke.edu/academics/,✕,✕,〇,✕,✕,✕,✕,✕,42.2515,-71.823
Cleveland Institute of Music,Cleveland,200,15%,2.63,N/A,61,6,100,Dec-01,"$45,000","$16,000","$24,000",https://www.cim.edu/academic-programs,〇,〇,✕,✕,✕,✕,✕,✕,42.2515,-81.6088
Coe College,Cedar Rapids,"1,300",5%,1.41,N/A,N/A,N/A,N/A,Feb-01,"$54,000","$13,000","$45,000",https://www.coe.edu/academics/majors-areas-study,✕,〇,〇,✕,✕,△,✕,✕,41.9906,-91.657
Colby College,Waterville,"2,300",11%,14.29,27.03,N/A,N/A,N/A,Jan-05,"$74,000","$20,000","$69,000",https://www.colby.edu/academics/majors-and-minors/,✕,✕,〇,✕,✕,△,✕,〇,44.5685,-69.66
Colgate University,Hamilton,"3,100",8%,8.36,34.29,100,7,130,Jan-15,"$70,000","$18,000","$74,000",https://www.colgate.edu/academics/majors-minors,✕,✕,〇,〇,✕,△,✕,〇,42.8154,-75.5396
College of Saint Benedict,Saint Joseph,"1,400",3%,1.1,N/A,N/A,N/A,N/A,Jan-15,"$55,000","$14,000","$39,000",https://www.csbsju.edu/programs/,✕,✕,〇,✕,✕,✕,✕,✕,45.5595,-94.3183
College of the Atlantic,Bar Harbor,360,22%,1.43,2.54,N/A,N/A,N/A,Feb-01,"$50,000","$12,000","$49,000",https://www.coa.edu/academics/areas-of-study/,✕,✕,〇,✕,✕,△,✕,✕,44.3941,-68.22
College of the Holy Cross,Worcester,"3,000",3%,4.74,10.2,100,7,120,Jan-15,"$68,000","$21,000","$82,000",https://www.holycross.edu/academics/programs,✕,✕,〇,✕,✕,△,✕,〇,42.2367,-71.807
College of Wooster,Wooster,"1,800",14%,1.68,3.91,80,7,N/A,Feb-15,"$65,000","$17,000","$45,000",https://wooster.edu/academics/areas/,✕,✕,〇,✕,✕,〇,✕,✕,40.8116,-81.9339
Colorado College,Colorado Springs,"2,000",5%,5.41,14.25,100,7,120,Jan-15,"$74,000","$18,000","$74,000",https://www.coloradocollege.edu/academics/dept/majors/,✕,✕,〇,✕,✕,△,✕,〇,38.848,-104.824
Columbia University,New York,"6,200",16%,25.01,38.65,105,7.5,135,Jan-01,"$72,000","$19,000","$84,000",https://undergrad.admissions.columbia.edu/academics/college/majors,✕,✕,〇,〇,〇,✕,✕,〇,40.8078,-73.9616
Connecticut College,New London,"1,800",6%,2.61,25.96,100,7,130,Jan-15,"$70,000","$22,000","$60,000",https://www.conncoll.edu/academics/majors-departments-programs/majors-and-minors/,✕,✕,〇,✕,✕,△,✕,〇,41.3791,-72.1065
Cooper Union for the Advancement of Science and Art,New York,900,14%,5.26,N/A,100,7,130,Jan-05,"$47,000","$20,000","$42,000",https://cooper.edu/admissions/degree-programs,〇,〇,✕,✕,✕,✕,✕,✕,40.7298,-73.9903
Copenhagen School of Design and Technology,Copenhagen,"23,000",24%,2,N/A,N/A,N/A,N/A,May-01,"€10,000 - 20,000","$18,000",N/A,https://kea.dk/en/about-kea/all-programmes,✕,〇,✕,✕,✕,✕,✕,✕,55.7063,12.5394
Cornell College,Mount Vernon,"1,100",3%,1.24,2.5,N/A,N/A,N/A,Feb-01,"$53,000","$13,000","$43,000",https://www.cornellcollege.edu/academics/index.shtml,✕,✕,〇,✕,✕,△,✕,✕,41.9259,-91.4254
Cornell University,Ithaca,"15,000",7%,11.89,28.67,100,7.5,130,Jan-02,"$72,000","$21,000","$84,000",https://www.cornell.edu/academics/fields.cfm,✕,✕,〇,〇,〇,✕,✕,〇,42.4529,-76.4801
Cornish College of Arts,Seattle,500,20%,1.14,N/A,N/A,N/A,N/A,Feb-01,"$43,000","$19,000",N/A,https://www.cornish.edu/academics/,〇,〇,✕,✕,✕,✕,✕,✕,47.6168,-122.336
Covenant College,Lookout Mountain,900,3%,1.17,N/A,90,7,N/A,Mar-01,"$38,000","$12,000","$31,350",https://www.covenant.edu/academics/programs.html,✕,〇,✕,✕,✕,△,✕,✕,34.9551,-85.3806
Culver-Stockton College,Canton,900,3%,1.02,N/A,61,6,60,Rolling,"$32,000","$15,000","$21,000",https://culver.edu/majors/,✕,〇,✕,✕,✕,△,✕,✕,40.1288,-91.5316
Curtis Institute of Music,Philadelphia,110,44%,14.29,N/A,79,6.5,N/A,Dec-10,$0,"$24,000",N/A,https://www.curtis.edu/learn/degrees-diplomas/,✕,✕,〇,✕,✕,✕,✕,✕,39.9488,-75.1706
Czech University of Life Sciences Prague,Hlavní město Praha,"28,000",21%,1.75,N/A,N/A,N/A,N/A,Mar-31,"$1,000","$14,000",N/A,https://www.czu.cz/en/r-9188-study/r-9251-study-programmes/r-9256-master-s-degree-programmes,✕,〇,✕,✕,✕,✕,✕,✕,50.1302,14.3737
Danish Academy of Music,Frederiksberg,400,40%,2.17,N/A,60,5.5,N/A,Jan-01,"€16,000 - 22,000","$18,000",N/A,https://www.dkdm.dk/en,✕,〇,✕,✕,✕,✕,✕,✕,39.9488,-75.1706
Dankook University,Yongin-si,"3,500",4%,2.5,N/A,80,5.5,N/A,May-15,25～45万円,150万円,N/A,https://www.dankook.ac.kr/web/international/42,✕,〇,✕,✕,✕,✕,✕,✕,36.8368,127.1682
Dartmouth College,Hanover,"6,700",14%,18.51,N/A,100,7,135,Jan-01,"$70,000","$21,000","$84,000",https://home.dartmouth.edu/academics/undergraduate-arts-sciences/majors-and-minors,✕,✕,〇,〇,〇,✕,✕,〇,43.7047,-72.2942
Davidson College,Davidson,"2,000",10%,7.48,30.46,N/A,N/A,N/A,Jan-12,"$69,000","$18,000","$67,000",https://www.davidson.edu/majors-minors-programs,✕,✕,〇,〇,〇,△,✕,〇,35.5047,-80.8466
Deep Springs College,Inyo County,26,N/A,30,N/A,98,7,130,Nov-02,$0,"$2,000",N/A,https://www.deepsprings.edu/academics-at-deep-springs/,〇,✕,✕,✕,✕,✕,✕,✕,37.3706,-117.986
Defiance College,Defiance,500,N/A,2.38,N/A,80,6,110,Mar-31,"$31,000","$15,000",N/A,https://www.defiance.edu/academics/majors-and-minors.html,✕,〇,✕,✕,✕,△,✕,✕,41.2978,-84.353
Denison University,Granville,"2,400",17%,5.91,N/A,N/A,N/A,N/A,Jan-15,"$67,000","$17,000","$45,000",https://denison.edu/academics/curriculum/academic-majors,✕,〇,〇,✕,✕,△,✕,〇,40.073,-82.5225
DePaul University,Chicago,"14,000",4%,1.29,N/A,80,6.5,115,Nov-15,"$47,000","$20,000","$20,000",https://www.depaul.edu/academics/undergraduate/majors/Pages/default.aspx,✕,〇,✕,✕,✕,✕,✕,✕,41.9246,-87.6507
DePauw University,Greencastle,"1,800",23%,1.75,3.66,85,6.5,110,Feb-01,"$61,000","$17,000","$40,000",https://www.depauw.edu/academics/majors-and-minors/,✕,〇,〇,✕,✕,〇,✕,✕,39.638,-86.8669
DeSales University,Lehigh County,"2,100",1%,1.3,3.48,80,6.5,N/A,Dec-01,"$47,000","$14,000",N/A,https://www.desales.edu/academics/academic-programs,✕,〇,✕,✕,✕,✕,✕,✕,40.538,-75.3798
Dickinson College,Carlisle,"2,200",13%,2.38,7.06,90,7,120,Jan-15,"$69,000","$18,000","$54,000",https://www.dickinson.edu/homepage/199/academic_programs,✕,✕,〇,✕,✕,△,✕,✕,40.2028,-77.1996
Dillard University,New Orleans,"1,100",2%,2.44,N/A,79,N/A,N/A,Jul-01,"$21,000","$21,000",N/A,https://www.dillard.edu/academics/academic-programs/,〇,〇,✕,✕,✕,✕,✕,✕,29.9962,-90.0654
Dominican University,River Forest,"2,100",1%,1.25,1,79,6,N/A,Rolling,"$39,000","$12,000","$25,000",https://www.dom.edu/academics/majors-programs/majors,✕,✕,〇,✕,✕,✕,✕,✕,41.9029,-87.8226
Drew University,Madison,"1,600",10%,1.45,N/A,80,6.5,N/A,Feb-15,"$48,000","$22,000","$33,097",https://drew.edu/academic/programs-of-study/,✕,✕,〇,✕,✕,△,✕,✕,40.7605,-74.4282
Drexel University,Philadelphia,"14,000",9%,1.26,1.47,N/A,N/A,N/A,Jan-15,"$64,000","$19,000","$34,000",https://catalog.drexel.edu/majors/,〇,〇,〇,✕,✕,✕,✕,✕,40.7605,-74.4282
Duke Kunshan University,Su Zhou Shi,"1,700",15%,20.83,N/A,N/A,N/A,N/A,Jan-05,"$71,000","$6,000",N/A,https://ugstudies.dukekunshan.edu.cn/academics/majors/,✕,✕,〇,✕,✕,✕,✕,〇,40.7605,-74.4282
Duke University,Durham,"6,500",10%,14.74,26.09,N/A,N/A,N/A,Jan-05,"$69,000","$19,000","$85,000",https://admissions.duke.edu/academic-possibilities/,〇,✕,〇,〇,〇,✕,✕,〇,36.0002,-78.9442
Earlham College,Richmond,700,2%,1.37,3.28,79,6,115,Jan-01,"$56,000","$15,000","$36,000",https://catalog.earlham.edu/academic-catalog-2024-25/majors-and-minors,✕,✕,〇,✕,✕,〇,✕,✕,39.8204,-84.9132
East-West University,Chicago,500,19%,1,N/A,65,N/A,N/A,May-01,"$38,000","$22,000",N/A,https://www.eastwest.edu/catalog/academic-programs/,✕,〇,✕,✕,✕,✕,✕,✕,41.8713,-87.6247
Eastern University,Saint Davids,"2,100",5%,1.06,N/A,79,6.5,N/A,Rolling,"$41,000","$15,000",N/A,"https://www.eastern.edu/academics#:~:text=Eastern%20offers%20over%2095%20areas%20of%20study%20including,Leadership%20Fellows%20Program%2C%20and%20the%20Goode%20Scholars%20Program.",✕,〇,✕,✕,✕,✕,✕,✕,40.0506,-75.3711
Eindhoven University of Technology,Eindhoven,"6,600",19%,2,N/A,90,6.5,N/A,Feb-01,"$18,000","$9,000",N/A,https://www.tue.nl/en/education/degree-programs/bachelor-programs,✕,〇,✕,✕,✕,✕,✕,✕,51.4487,5.4904
Elizabethtown College,Elizabethtown,"2,200",2%,1.3,N/A,N/A,N/A,N/A,Feb-28,"$39,000","$14,000",N/A,https://www.etown.edu/academics/majors-minors.aspx,✕,〇,✕,✕,✕,✕,✕,✕,40.1495,-76.5901
Elmira College,Elmira,600,7%,1.1,N/A,80,5.5,100,Dec-31,"$40,000","$15,000",N/A,https://www.elmira.edu/academics/programs,✕,〇,✕,✕,✕,✕,✕,✕,42.0939,-76.8177
Elon University,Elon,"6,400",2%,1.51,1.82,80,6.5,110,Jan-10,"$47,000","$16,000","$33,000",https://www.elon.edu/u/academics/majors-minors-programs/,✕,〇,〇,✕,✕,✕,✕,✕,36.1063,-79.5027
Emerson College,Boston,"4,200",16%,2.13,N/A,95,7,125,Jan-16,"$59,000","$18,000",N/A,https://emerson.edu/majors-programs,✕,〇,✕,✕,✕,✕,✕,✕,42.3522,-71.0657
Emory University,Atlanta,"7,400",16%,9.39,15.16,100,7.5,130,Jan-01,"$66,000","$21,000","$57,000",https://apply.emory.edu/academics/majors-minors.html,〇,〇,〇,✕,✕,✕,✕,〇,33.8005,-84.3172
ESADE Business School,Barcelona,"9,000",60%,1.64,N/A,70,6,100,Jul-31,"$20,000","$13,000",N/A,https://www.esade.edu/bachelor/en/programmes/business-administration,✕,〇,✕,✕,✕,✕,✕,✕,41.3913,2.1119
Estonian Academy of Music and Theatre,Tallinn,600,25%,6.67,N/A,N/A,N/A,N/A,Aug-18,"$7,500","$6,000",N/A,https://eamt.ee/en/,✕,〇,✕,✕,✕,✕,✕,✕,59.4312,24.7475
Europe Atlantic University,Santander,"2,000",9%,1.79,N/A,N/A,N/A,N/A,Jul-15,"$12,000","$8,000",N/A,https://www.uneatlantico.es/en,✕,〇,✕,✕,✕,✕,✕,✕,43.4515,-3.8758
Ewha Womans University,Seoul,"25,000",8%,10.53,N/A,80,6,N/A,Mar-20,130万円,150万円,N/A,https://www.ewha.ac.kr/ewhaen/bachelor/major01.do,〇,〇,✕,✕,✕,✕,✕,✕,37.5643,126.9469
Fairfield University,Fairfield,"4,900",2%,3,19.75,80,6.5,105,Jan-15,"$59,000","$20,000","$56,000",https://www.fairfield.edu/academics/majors-and-minors/,✕,✕,〇,✕,✕,✕,✕,✕,41.1597,-73.2574
Fisher College,Boston,"1,400",N/A,1.41,N/A,65,6,100,May-02,"$36,000","$24,000",N/A,https://www.fisher.edu/academics/undergraduate-programs,✕,✕,〇,✕,✕,✕,✕,✕,42.3554,-71.0737
Fisk University,Nashville,900,16%,1.72,N/A,61,5.5,N/A,Feb-01,"$24,000","$13,000",N/A,https://www.fisk.edu/about/administration/division-of-academic-affairs/majors-degrees-and-cip-codes/,〇,〇,✕,✕,✕,✕,✕,✕,36.1671,-86.8039
Five Towns College,Dix Hills,700,3%,1.39,N/A,70,6,N/A,Dec-01,"$30,000","$19,000",N/A,"https://www.ftc.edu/academics/undergraduate-programs/#:~:text=Find%20the%20Five%20Towns%20College%20major%20that%20connects,call%20or%20submit%20a%20Request%20for%20Information%20online.",✕,〇,✕,✕,✕,✕,✕,✕,40.794,-73.3695
Florida International University,Miami,"44,000",6%,1.83,3.42,80,6.5,110,Dec-17,"$20,000","$14,000","$5,600",https://www.fiu.edu/academics/degrees-and-programs/index.html,〇,〇,✕,✕,✕,✕,✕,✕,25.7554,-80.3763
Florida Polytechnic University,Lakeland,"1,600",2%,2.53,1.68,N/A,N/A,N/A,Jan-15,"$22,000","$15,000","$4,100",https://floridapoly.edu/academics/undergraduate/index.php,✕,〇,✕,✕,✕,✕,✕,✕,28.1477,-81.8488
Florida State University,Tallahassee,"32,000",2%,4.13,9.48,80,6.5,120,Oct-15,"$21,000","$14,000","$10,000",https://admissions.fsu.edu/majors,✕,〇,✕,✕,✕,✕,✕,✕,30.4422,-84.2975
Fordham University,Bronx County,"10,000",7%,1.69,2.64,N/A,N/A,N/A,Jan-03,"$68,000","$26,000","$35,000",https://www.fordham.edu/undergraduate-admission/majors-and-minors/,✕,〇,〇,✕,✕,✕,✕,✕,40.7716,-73.985
Franklin & Marshall College,Lancaster,"1,900",5%,3.55,10.86,N/A,N/A,N/A,Jan-15,"$71,000","$17,000","$59,000",https://www.fandm.edu/fields-of-study/,✕,✕,〇,✕,✕,△,✕,〇,40.049,-76.3201
Funen Art Academy,Odense,400,50%,2.2,N/A,N/A,N/A,N/A,Apr-09,"$6,000","$18,000",N/A,https://detfynskekunstakademi.dk/en/the-academy/,✕,〇,✕,✕,✕,✕,✕,✕,55.4009,10.387
Furman University,Greenville,"2,300",5%,2.33,7.72,100,7,120,Jan-15,"$62,000","$17,000","$60,000",https://www.furman.edu/academics/majors-minors-programs/,〇,〇,〇,✕,✕,△,〇,✕,34.9258,-82.4385
Gallaudet University,Washington,900,4%,1.72,3.73,N/A,N/A,N/A,May-01,"$20,000","$17,000","$15,000",https://gallaudet.edu/academics/programs/,✕,✕,〇,✕,✕,✕,✕,✕,38.9083,-76.9917
Gannon University,Erie,"4,600",11%,1.3,N/A,79,6,110,Dec-15,"$41,000","$18,000",N/A,https://www.gannon.edu/academic-offerings/academic-programs/,✕,〇,✕,✕,✕,✕,✕,✕,42.1281,-80.0867
Gardner-Webb University,Boiling Springs,"1,800",1%,1.15,N/A,61,5,95,Nov-17,"$37,000","$17,000",N/A,https://gardner-webb.edu/academics/,✕,〇,✕,✕,✕,✕,✕,✕,35.2478,-81.6702
Georgetown College,Georgetown,"1,500",4%,1.35,N/A,N/A,N/A,N/A,Feb-01,"$45,000","$16,000",N/A,https://www.georgetowncollege.edu/academics/academic-programs/all,✕,〇,〇,✕,✕,△,✕,✕,38.2069,-84.554
Georgetown University,Washington,"3,400",13%,7.74,12.91,100,7,N/A,Jan-10,"$73,000","$22,000","$76,000",https://www.georgetown.edu/academics/areas-of-study/,✕,✕,〇,〇,〇,✕,✕,〇,38.9089,-77.0746
Georgetown University in Qatar,Ar Rayyan,500,30%,5,N/A,N/A,N/A,N/A,Jan-15,"$72,000","$10,000",N/A,https://www.qatar.georgetown.edu/academics/programs/majors-minors-and-certificates/,✕,✕,〇,✕,✕,✕,✕,✕,25.318,51.4437
Gettysburg College,Gettysburg,"2,500",12%,2.57,N/A,90,7,120,Jan-15,"$69,000","$17,000","$60,000",https://www.gettysburg.edu/academic-programs/,✕,✕,〇,✕,✕,△,✕,✕,39.8375,-77.2396
Gordon College,Wenham,"1,300",11%,1.17,1.31,N/A,N/A,N/A,Feb-01,"$35,000","$15,000","$16,000",https://www.gordon.edu/program-directory?keywords=,✕,✕,〇,✕,✕,△,✕,✕,42.5889,-70.8203
Goshen College,Goshen,800,12%,1.12,N/A,N/A,N/A,N/A,Jan-15,"$39,000","$12,000",N/A,https://www.goshen.edu/academics/majors-minors/,✕,✕,〇,✕,✕,△,✕,✕,41.5625,-85.8252
Goucher College,Baltimore,900,3%,1.29,1.99,80,6.5,105,Jan-15,"$54,000","$18,000","$48,000",https://www.goucher.edu/learn/undergraduate-programs/,✕,〇,〇,✕,✕,△,✕,✕,39.409,-76.5929
Greenville University,Greenville,"1,100",14%,1.05,N/A,79,6.5,110,Rolling,"$32,000","$13,000",N/A,https://www.greenville.edu/academics/find-a-program,✕,✕,〇,✕,✕,✕,✕,✕,38.8965,-89.4125
Grinnell College,Grinnell,"1,800",19%,6.89,N/A,N/A,N/A,N/A,Jan-15,"$72,000","$18,000","$57,000",https://www.grinnell.edu/academics/majors-concentrations,✕,✕,〇,〇,〇,〇,✕,✕,41.7511,-92.7198
Grove City College,Grove City,"2,300",1%,1.4,N/A,79,6.5,N/A,Mar-20,"$23,000","$13,000",N/A,https://www.gcc.edu/Home/Academics/Majors-Departments,✕,〇,〇,✕,✕,△,✕,✕,41.1553,-80.0787
Guilford College,Greensboro,"1,200",1%,1.19,N/A,80,6.5,105,Feb-01,"$42,000","$14,000",N/A,https://www.guilford.edu/program-finder,✕,〇,〇,✕,✕,△,✕,✕,36.0918,-79.8873
Gustavus Adolphus College,Saint Peter,"2,000",5%,1.62,3.62,85,6.5,110,Mar-15,"$58,000","$15,000","$38,000",https://gustavus.edu/academics/undergraduate/,✕,✕,〇,✕,✕,△,✕,✕,44.3242,-93.9715
Gyeongsang National University,Jinju,"19,000",6%,2,N/A,71,5.5,N/A,Mar-31,50万円,130万円,N/A,https://www.gnu.ac.kr/eng/main.do,〇,〇,✕,✕,✕,✕,✕,✕,35.1555,128.0963
Hacettepe University,Ankara,"50,000",4%,1.27,N/A,92,N/A,N/A,Jul-16,140万円,90万円,N/A,https://hacettepe.edu.tr/teaching/undergraduate_programs,〇,〇,✕,✕,✕,✕,✕,✕,39.8674,32.7354
Hamilton College,Clinton,"2,000",8%,7.34,46.1,100,7,130,Jan-05,"$73,000","$20,000","$74,000",https://www.hamilton.edu/academics/areas-of-study,✕,✕,〇,〇,〇,△,✕,〇,43.0538,-75.4069
Hamline University,Saint Paul,"1,700",1%,1.11,N/A,79,6.5,105,Jan-15,"$53,000","$17,000",N/A,"https://www.hamline.edu/academics/undergraduate#:~:text=With%20majors%2C%20concentrations%2C%20certificates%2C%20and%20minors%20in%20over,the%20undergraduate%20academic%20possibilities%20with%20our%20program%20finder.",✕,✕,〇,✕,✕,✕,✕,✕,44.9665,-93.1646
Hanken School of Economics,Helsinki,"1,900",7%,5,N/A,78,6,N/A,Jan-22,"$12,000","$12,000",N/A,https://www.hanken.fi/en/students/study-programmes,〇,〇,✕,✕,✕,✕,✕,✕,60.1708,24.9245
Hanover College,Hanover,"1,000",6%,1.68,N/A,80,6.5,110,Feb-28,"$47,000","$17,000",N/A,https://www.hanover.edu/academics/programs/,✕,〇,✕,✕,✕,△,✕,✕,38.7165,-85.4616
Hartwick College,Oneonta,"1,100",3%,1.67,N/A,80,6.5,100,Jul-27,"$55,000","$17,000",N/A,https://www.hartwick.edu/academics/majors-and-minors/,✕,〇,✕,✕,✕,△,✕,✕,42.46,-75.0715
Harvard University,Cambridge,"9,000",14%,27.42,51.57,N/A,N/A,N/A,Jan-01,"$66,000","$23,000","$81,000",https://www.harvard.edu/programs/,✕,✕,〇,〇,〇,✕,✕,〇,42.3657,-71.1222
Harvey Mudd College,Claremont,900,7%,7.9,21.54,100,7.5,130,Jan-05,"$70,000","$24,000","$34,000",https://www.hmc.edu/academics/majors/,✕,✕,〇,〇,〇,△,✕,〇,34.1061,-117.709
Haverford College,Haverford,"1,400",11%,7.75,21.5,100,7,130,Jan-10,"$71,000","$20,000","$86,000",https://www.haverford.edu/academics/majors-minors-and-concentrations,✕,✕,〇,✕,✕,△,✕,〇,40.0072,-75.3069
Henderson State University,Arkadelphia,"2,200",1%,1.22,N/A,61,5,90,Mar-01,"$10,000","$14,000",N/A,https://www.hsu.edu/future-students/academic-programs/,✕,〇,✕,✕,✕,✕,✕,✕,34.1308,-93.0592
Hendrix College,Conway,"1,100",1%,1.89,N/A,94,7,115,Nov-15,"$40,000","$15,000",N/A,https://www.hendrix.edu/academics/,〇,〇,✕,✕,✕,△,✕,✕,35.1008,-92.4421
High Point University,High Point,"6,000",2%,1.3,N/A,80,6.5,105,Nov-15,"$50,000","$20,000",N/A,https://www.highpoint.edu/academics/,✕,〇,✕,✕,✕,△,✕,✕,35.9721,-79.9937
Hillsdale College,Hillsdale,"1,500",4%,4.76,N/A,N/A,N/A,N/A,Mar-15,"$33,000","$15,000",N/A,https://www.hillsdale.edu/academics/majors-minors/,✕,〇,〇,✕,✕,△,✕,✕,41.9319,-84.6302
Hobart and William Smith Colleges,Geneva,"1,800",5%,1.56,6.09,80,6.5,120,Feb-01,"$66,000","$18,000","$58,000",https://www.hws.edu/academics/academic-programs.aspx,✕,✕,〇,✕,✕,△,✕,✕,42.857,-76.9872
Hohai University,Nan Jing Shi,"49,000",N/A,21.28,N/A,80,5.5,N/A,May-30,60万円,90万円,N/A,http://www.besteduchina.com/hohai_university/bachelor_degree.html,〇,〇,✕,✕,✕,✕,✕,✕,32.0577,118.755
Hollins University,Roanoke,660,8%,1.47,9.44,80,6.5,110,Feb-01,"$44,000","$17,000","$38,000",https://www.hollins.edu/programs/,〇,✕,〇,✕,✕,△,✕,✕,37.3574,-79.9437
Hong Kong Baptist University,Kowloon,"9,000",N/A,2.86,N/A,79,6.5,N/A,Apr-15,330万円,120万円,N/A,https://admissions.hkbu.edu.hk/en/programmes-offer.html,〇,〇,✕,✕,✕,✕,✕,✕,22.338,114.1826
Hongik University,Seoul,"12,000",N/A,1.67,N/A,N/A,N/A,N/A,Mar-07,100万円,150万円,N/A,https://www.hongik.ac.kr/en/academics/intro-faculty-detail.do,〇,〇,✕,✕,✕,✕,✕,✕,37.5504,126.9254
Houston Christian University,Houston,"2,900",2%,1.17,N/A,80,6.5,105,Rolling,"$40,000","$14,000","$31,000",https://hc.edu/academics/majors-and-programs/,✕,✕,〇,✕,✕,✕,✕,✕,29.6939,-95.5222
Howard University,Washington,"12,000",5%,2.42,1.52,90,6.5,N/A,Feb-01,"$39,000","$19,000","$24,000",https://howard.edu/academics,✕,✕,〇,✕,✕,✕,✕,✕,38.9219,-77.0196
Husson University,Bangor,"2,800",2%,1.2,2.7,75,6,100,Rolling,"$23,000","$14,000","$12,000",https://www.huntingdon.edu/academics/,✕,✕,〇,✕,✕,✕,✕,✕,44.8289,-68.7953
IE University,Segovia,"8,000",80%,3.23,N/A,100,7,130,Mar-31,"$25,000","$13,000",N/A,https://www.ie.edu/university/studies/academic-programs/,〇,〇,✕,✕,✕,✕,✕,✕,40.4777,-3.6894
IED Barcelona,Barcelona,200,N/A,1.67,N/A,N/A,6.5,N/A,Rolling,"€15,000～€19,000","€14,000",N/A,https://www.ied.edu/courses/four-years-diploma,✕,〇,✕,✕,✕,✕,✕,✕,41.4079,2.1554
IIT Delhi - Abu Dhabi,Abu Dhabi,100,N/A,N/A,N/A,N/A,N/A,N/A,Apr-08,"$23,000","$9,000",N/A,https://abudhabi.iitd.ac.in/undergraduate-programs,✕,〇,✕,✕,✕,✕,✕,✕,25.1045,55.1671
Illinois Institute of Technology,Chicago,"3,400",50%,1.8,2.3,80,6.5,115,Nov-15,"$53,000","$19,000","$26,000",https://www.iit.edu/academics,✕,〇,✕,✕,✕,✕,✕,✕,41.8362,-87.6265
Illinois Wesleyan University,Bloomington,"1,600",3%,2.54,N/A,80,6.5,115,Mar-15,"$60,000","$14,000","$44,000",https://www.iwu.edu/majors/,✕,〇,〇,✕,✕,△,✕,✕,40.4924,-88.9904
Immaculate University,Immaculate,600,1%,1.27,16,79,6,75,Jan-15,"$29,000","$10,000",N/A,https://www.immaculata.edu/academics/degrees-programs/,✕,〇,〇,✕,✕,✕,✕,✕,40.0358,-75.5754
Indiana Tech / Indiana Institute of Technology,Fort Wayne,"1,700",10%,1.75,N/A,70,6,95,Jan-03,"$34,000","$15,000",N/A,https://academics.indianatech.edu/programs/,✕,〇,✕,✕,✕,✕,✕,✕,41.0775,-85.1177
Indiana University Bloomington,Bloomington,"38,000",6%,1.24,N/A,100,7.5,130,Nov-01,"$43,000","$15,000",N/A,https://bloomington.iu.edu/academics/degrees-majors/index.html?campus=bloomington,〇,〇,✕,✕,✕,✕,✕,✕,39.1802,-86.5094
Inha University,Incheon,"20,000",N/A,14.26,N/A,71,5.5,N/A,Mar-29,150万円,150万円,N/A,https://www.inha.ac.kr/eng/3681/subview.do,✕,〇,✕,✕,✕,✕,✕,✕,37.4494,126.6534
Istanbul Technical University,Sarıyer,"37,000",6%,2.86,N/A,91,N/A,N/A,Apr-09,60万円,120万円,N/A,https://www.itu.edu.tr/en/programs,✕,〇,✕,✕,✕,✕,✕,✕,41.105,29.0263
Ithaca College,Ithaca,"4,200",4%,1.45,4.01,80,6,115,Feb-01,"$56,000","$17,000","$52,000",https://www.ithaca.edu/academics,✕,✕,〇,✕,✕,✕,✕,✕,42.4197,-76.4983
Jacksonville University,Jacksonville,"3,000",5%,1.76,N/A,79,6.5,105,Rolling,"$50,000","$18,000","$45,000",https://www.ju.edu/academics/index.php,✕,✕,〇,✕,✕,✕,✕,✕,30.3537,-81.6073
Jilin University,Chang Chun Shi,"40,000",N/A,3.33,N/A,N/A,N/A,N/A,Mar-01,70万円,50万円,N/A,https://cie.jlu.edu.cn/Home/Faculty_Schools.htm,〇,〇,✕,✕,✕,✕,✕,✕,43.8801,125.3012
John Carroll University,University Heights,"2,300",2%,1.24,6.22,79,6.5,N/A,Rolling,"$52,000","$15,000","$34,000",https://www.jcu.edu/program-finder,✕,✕,〇,✕,✕,△,✕,✕,41.4904,-81.5288
Johns Hopkins University,Baltimore,"6,100",19%,13.01,20.48,100,7,120,Jan-02,"$66,000","$23,000","$12,136",https://www.jhu.edu/academics/undergraduate-studies/,✕,✕,〇,✕,✕,✕,✕,〇,39.3302,-76.6219
Juniata College,Huntingdon,600,7%,1.27,2.54,80,6.5,110,Mar-15,"$61,000","$15,000","$44,000",https://www.juniata.edu/academics/,〇,✕,〇,✕,✕,△,✕,✕,40.5012,-78.0152
KAIST,Daejeon,"4,500",5%,10,N/A,88,7,110,Jan-06,80万円,100万円,N/A,https://www.kaist.ac.kr/en/html/edu/03.html,〇,〇,✕,✕,✕,✕,✕,✕,36.3918,127.3991
Kalamazoo College,Kalamazoo,500,5%,1.25,N/A,84,7,110,Jan-15,"$59,000","$13,000","$48,000","https://www.kzoo.edu/academic/#:~:text=Shape%20your%20own%20path%20in%20the%20liberal%20arts,for%20a%20personalized%20approach%20to%20their%20college%20education.",✕,✕,〇,✕,✕,△,✕,✕,42.2908,-85.5994
Kangwon National University,Chuncheon,"38,000",10%,1.54,N/A,71,5.5,N/A,Mar-28,60万円,100万円,N/A,https://kangwon.ac.kr/english/contents.do?key=1339,✕,〇,✕,✕,✕,✕,✕,✕,37.8673,127.7447
Karlstad University,Värmlands län,"16,000",45%,2.1,N/A,N/A,N/A,N/A,Jan-15,"€8,000〜€10,000","€14,000",N/A,https://www.kau.se/en/education/programmes-and-courses/programmes/all-programmes,〇,〇,✕,✕,✕,✕,✕,✕,59.4066,13.5823
Kaunas University of Technology,Kaunas,"10,000",18%,5,N/A,75,5.5,N/A,Jun-01,"€3,200〜€5,600","€7,000",N/A,https://admissions.ktu.edu/programmes/b/,✕,〇,✕,✕,✕,✕,✕,✕,54.8988,23.9127
Kentucky Wesleyan College,Owensboro,800,2%,1.49,N/A,70,6,105,Rolling,"$36,000","$15,000",N/A,https://kwc.edu/academics/academic-programs/,✕,〇,✕,✕,✕,△,✕,✕,37.7445,-87.1203
Kenyon College,Gambier,"2,200",9%,3.22,N/A,100,7,130,Jan-15,"$72,000","$18,000","$68,000",https://www.kenyon.edu/academics/departments-and-majors/,✕,〇,〇,✕,✕,△,✕,〇,40.3726,-82.3943
Kettering College,Kettering,600,N/A,1.2,N/A,79,6,105,Rolling,"$23,000","$12,000",N/A,https://kc.edu/academics/,✕,〇,✕,✕,✕,✕,✕,✕,39.7273,-84.0537
KIIT University,Bhubaneswar,"40,000",35%,N/A,N/A,N/A,N/A,N/A,Apr-01,80万円,40万円,N/A,https://kiit.ac.in/academics/courses/,〇,〇,✕,✕,✕,✕,✕,✕,20.3533,85.8145
Kingswood University,Sussex,"2,500",N/A,1,N/A,N/A,N/A,N/A,Mar-31,"$12,000","$11,000",N/A,https://www.kingswood.edu/academic-excellence/undergraduate-degrees,✕,〇,✕,✕,✕,✕,✕,✕,45.7282,-65.525
Knox College,Galesburg,"1,100",16%,1.41,2.68,80,6.5,110,Apr-01,"$60,000","$12,000","$47,000",https://www.knox.edu/academics/majors-and-minors,✕,✕,〇,✕,✕,〇,✕,✕,40.9419,-90.3723
Koc University,Sarıyer,"8,000",10%,6.67,N/A,80,N/A,N/A,Feb-15,570万円,120万円,N/A,https://www.ku.edu.tr/en/academics/undergraduate/,✕,〇,〇,✕,✕,✕,✕,✕,41.2032,29.0729
Kwantlen Polytechnic University,Surrey,"20,000",N/A,1.72,N/A,88,6.5,110,Mar-01,"$25,000","$33,000",N/A,https://www.kpu.ca/current-students/programs,〇,✕,✕,✕,✕,✕,✕,✕,49.1749,-123.127
Kyung Hee University,Seoul,"33,000",N/A,1.85,N/A,N/A,N/A,N/A,Aug-22,60万円,150万円,N/A,https://www.khu.ac.kr/eng/user/contents/view.do?menuNo=300066,✕,〇,✕,✕,✕,✕,✕,✕,37.5971,127.052
La Roche University,Pittsburgh,"2,300",14%,1.28,N/A,N/A,N/A,N/A,Rolling,"$36,000","$15,000",N/A,https://www.laroche.edu/Academics/,〇,〇,✕,✕,✕,✕,✕,✕,40.5684,-80.0139
Lafayette College,Easton,"2,800",16%,3.18,14.36,N/A,N/A,N/A,Jan-15,"$67,000","$21,000","$70,000",https://academics.lafayette.edu/departments-programs/,✕,〇,〇,✕,✕,△,✕,〇,40.6987,-75.2092
Lake Forest College,Lake Forest,"1,800",13%,1.76,N/A,90,6.5,120,Feb-15,"$56,000","$13,000","$33,000",https://www.lakeforest.edu/academics/,✕,✕,〇,✕,✕,〇,✕,✕,42.2476,-87.8295
Lake Superior State University,Sault Ste. Marie,"1,500",3%,1,1,61,6,85,Nov-01,"$15,000","$12,000","$16,000",https://www.lssu.edu/academics/colleges-and-schools/,〇,✕,✕,✕,✕,✕,✕,✕,46.4903,-84.366
Lawrence University,Appleton,"1,400",15%,1.56,4.78,80,6.5,115,Jan-15,"$60,000","$13,000","$41,000",https://www.lawrence.edu/academics,✕,✕,〇,✕,✕,△,✕,✕,44.2607,-88.3989
Le Moyne College,Syracuse,"2,500",1%,1.36,1.76,79,6.5,105,Feb-01,"$41,000","$17,000","$34,000",https://www.lemoyne.edu/academics/undergraduate-programs/majors-minors/,✕,〇,〇,✕,✕,△,✕,✕,43.0483,-76.0852
Lebanon Valley College,Annville,"2,100",2%,1.33,N/A,80,6.5,110,Rolling,"$52,000","$24,000",N/A,https://www.lvc.edu/programs/?area_of_study=all&degree_type=undergraduate-majors-minors#programs,✕,〇,✕,✕,✕,△,✕,✕,40.3324,-76.5144
Lee University,Cleveland,"2,400",3%,1.42,2.79,45,6,N/A,Rolling,"$25,000","$11,000","$18,000",https://www.leeuniversity.edu/academics/,✕,〇,✕,✕,✕,✕,✕,✕,35.1661,-84.8693
Lehigh University,Bethlehem,"5,900",13%,3.96,21.12,90,7,110,Jan-01,"$68,000","$19,000","$68,000","https://www2.lehigh.edu/admissions/programs#:~:text=Majors%20%26%20Programs%20%7C%20Lehigh%20University%20%7C%20With,to%20explore%20what%20might%20be%20right%20for%20you.",〇,〇,〇,✕,✕,✕,✕,✕,40.6041,-75.3778
Lenoir-Rhyne University,Hickory,"1,500",3%,1.2,N/A,79,6.5,N/A,Dec-15,"$32,000","$15,000","$26,000",https://www.lr.edu/degree-program-finder?type=undergraduate&page=1,✕,〇,✕,✕,✕,✕,✕,✕,35.7417,-81.3268
Lewis & Clark College,Portland,"2,100",5%,1.27,3.39,91,7,115,Jan-15,"$68,000","$17,000","$51,000",https://college.lclark.edu/academics/,✕,〇,〇,✕,✕,〇,✕,✕,45.4485,-122.67
Lewis University,Romeoville,"4,000",3%,1.34,N/A,79,6.5,105,Mar-01,"$41,000","$16,000","$30,000","https://www.lewisu.edu/academics/programs/ugrad.htm#:~:text=Lewis%20University%20offers%20more%20than%2080%20undergraduate%20majors,more.%20Find%20the%20one%20that%E2%80%99s%20right%20for%20you.",✕,〇,〇,✕,✕,△,✕,✕,41.6028,-88.0822
Liberty University,Lynchburg,"52,000",1%,1.02,N/A,61,6,90,Rolling,"$25,000","$14,000",N/A,https://www.liberty.edu/academics/,✕,〇,✕,✕,✕,✕,✕,✕,37.3539,-79.1532
Lindenwood University,Saint Charles,"4,700",1%,1.76,N/A,61,5.5,85,Jun-01,"$23,000","$13,000","$14,000",https://www.lindenwood.edu/academics/all-programs/,✕,✕,〇,✕,✕,✕,✕,✕,38.7875,-90.5031
Lindsey Wilson College,Columbia,"1,800",4%,1.09,N/A,45,5,75,Rolling,"$29,000","$11,000",N/A,https://www.lindsey.edu/academics/All-Majors-Programs.cfm,✕,〇,✕,✕,✕,✕,✕,✕,37.1021,-85.2997
Linfield University,McMinnville,"1,600",2%,1.17,4.45,80,6.5,110,Feb-01,"$52,000","$15,000","$26,000",https://www.linfield.edu/academics/index.html,✕,✕,〇,✕,✕,✕,✕,✕,45.1985,-123.198
Lipscomb University,Nashville,"3,000",2%,1.5,5.12,80,6.5,105,Mar-01,"$41,000","$16,000","$31,000",https://lipscomb.edu/academics/programs,✕,〇,〇,✕,✕,✕,✕,✕,36.1051,-86.7986
Loras College,Dubuque,"1,100",4%,1.09,N/A,79,6.5,115,Rolling,"$40,000","$14,000",N/A,https://loras.edu/academics/,✕,〇,〇,✕,✕,△,〇,〇,42.5042,-90.6815
Louisiana State University Baton Rouge,Baton Rouge,"34,000",5%,1.36,2.09,79,6.5,100,Dec-15,"$27,000","$16,000","$14,000",https://www.lsu.edu/academics/index.php,〇,✕,✕,✕,✕,✕,✕,✕,30.4062,-91.1854
Loyola Marymount University,Los Angeles,"7,200",10%,2.22,16.13,79,6.5,120,Jan-15,"$65,000","$22,000","$42,000",https://www.lmu.edu/academics/,✕,✕,〇,✕,✕,△,✕,✕,33.9688,-118.418
Loyola University Chicago,Chicago,"13,000",2%,1.23,2.58,79,6.5,110,Rolling,"$56,000","$18,000","$28,000",https://www.luc.edu/undergrad/academics/,✕,〇,〇,✕,✕,✕,✕,✕,41.9991,-87.6574
Loyola University Maryland,Baltimore,"3,900",1%,1.32,4.76,80,6.5,115,Jan-15,"$59,000","$20,000","$39,000",https://www.loyola.edu/academics/programs/,✕,〇,〇,✕,✕,✕,✕,✕,39.3484,-76.6159
Lund University,Lund,"28,000",28%,2.94,N/A,90,6.5,N/A,Feb-01,180万円,150万円,N/A,https://www.lunduniversity.lu.se/lubas/courses-programmes/*/program/1/undefined,✕,〇,✕,✕,✕,✕,✕,✕,55.7101,13.2137
Luther College,Decorah,"1,400",8%,1.19,2.46,80,6.5,115,Rolling,"$54,000","$12,000","$42,000",https://www.luther.edu/academics/international-studies/program,✕,✕,〇,✕,✕,△,✕,✕,43.3115,-91.8021
Lycoming College,Williamsport,"1,000",3%,1.35,4.06,70,6,100,Rolling,"$51,000","$15,000","$37,000",https://www.lycoming.edu/academics/,✕,✕,〇,✕,✕,△,✕,✕,41.2454,-76.9999
Hampshire College,Hampshire,500,5%,1.38,N/A,91,6.5,110,Jan-15,"$61,000","$13,000","$42,000",https://www.hampshire.edu/academics/areas-of-study,〇,〇,△,✕,✕,△,✕,✕,44.9377,-93.1693
Macalester College,Saint Paul,"2,100",14%,3.51,N/A,N/A,N/A,N/A,Jan-15,"$68,000","$16,000","$61,000",https://www.macalester.edu/academics/,✕,✕,〇,✕,✕,△,✕,〇,59.6175,16.542
Malardalen University,Västmanlands län,"16,000",N/A,3.22,N/A,N/A,N/A,N/A,Jan-15,180万円,150万円,N/A,https://www.mdu.se/en/malardalen-university/education/international/programme,✕,〇,✕,✕,✕,✕,✕,✕,55.6089,12.9932
Malmo University,Skåne län,"24,000",30%,8.34,N/A,90,6.5,N/A,Jan-17,220万円,200万円,N/A,https://mau.se/en/education/bachelors-studies/,✕,〇,✕,✕,✕,✕,✕,✕,39.4161,-81.4484
Marietta College,Marietta,"1,100",4%,1.27,N/A,80,6.5,115,Rolling,"$41,000","$15,000",N/A,https://www.marietta.edu/academic-departments,〇,〇,〇,✕,✕,✕,✕,✕,41.722,-73.9344
Marist College,Poughkeepsie,"5,500",2%,1.54,N/A,80,6.5,115,Rolling,"$50,000","$20,000",N/A,https://www.marist.edu/academics/programs/complete-list,✕,✕,〇,✕,✕,✕,✕,✕,35.8271,-82.553
Mars Hill University,Mars Hill,"1,000",4%,1.28,Rolling,61,N/A,N/A,Rolling,"$38,000","$15,000",Rolling,https://www.mhu.edu/academics/,✕,〇,〇,✕,✕,△,✕,✕,39.3051,-76.6198
Maryland Instiute College of Art,Maryland,"1,300",24%,1.3,N/A,75,6,105,Rolling,"$55,000","$17,000",N/A,"https://www.mica.edu/academics/#:~:text=Offers%20year-long%20programming%20for%20children%2C%20teens%20and%20adults%3A,education%20classes%2C%20and%20online%20professional%20degrees%20%26%20credentials.",✕,〇,〇,✕,✕,✕,✕,✕,38.9054,-77.1277
Marymount University,Arlington,"1,800",10%,1.25,1.99,96,6.5,105,Rolling,"$42,000","$17,000","$19,000",https://marymount.edu/academics/majors-programs/,✕,✕,〇,✕,✕,✕,✕,✕,35.7515,-83.9642
Maryville College,Maryville,"1,200",3%,1.51,N/A,80,6.5,110,Rolling,"$40,000","$15,000",N/A,https://www.maryvillecollege.edu/academics/programs-of-study/,✕,〇,✕,✕,✕,✕,✕,✕,38.6459,-90.5043
Maryville University of Saint Louis,St. Louis,"2,400",2%,1.07,1,69,6,95,Dec-01,"$27,000","$12,000","$21,000",https://www.maryville.edu/academics/,〇,〇,〇,✕,✕,✕,✕,✕,38.6459,-90.5043
Massachusetts Institute of Technology,Cambridge,"4,500",12%,25.03,N/A,90,7,120,Jan-06,"$63,000","$22,000","$78,000",https://catalog.mit.edu/mit/undergraduate-education/academic-programs/,✕,✕,〇,〇,〇,✕,✕,〇,42.3583,-71.0966
McMaster University,Hamilton,"32,000",17%,2.27,N/A,86,6.5,120,Feb-01,"$45,000～$58,000","$12,000",N/A,https://discover.mcmaster.ca/study/,✕,〇,✕,✕,✕,✕,✕,✕,43.2639,-79.9178
Mendel University Brno,Brno,"5,500",20%,2.13,N/A,79,6.5,N/A,Jul-31,"€3,200","€14,000",N/A,https://mendelu.cz/en/,✕,〇,✕,✕,✕,✕,✕,✕,49.2108,16.6158
Mercer University,Macon,"4,800",3%,1.5,N/A,80,6.5,115,Dec-01,"$36,000","$18,000",N/A,https://www.mercer.edu/academics/residential-undergraduate-program/,〇,〇,✕,✕,✕,✕,✕,✕,32.8318,-83.6499
Meredith College,Raleigh,"1,300",1%,1.33,N/A,79,6,105,Jan-06,"$48,000","$13,000",N/A,https://www.meredith.edu/academics/majors-minors/,〇,✕,✕,✕,✕,✕,✕,✕,35.7982,-78.6889
Methodist University,Fayetteville,"1,400",7%,1.33,N/A,61,6,95,Rolling,"$43,000","$16,000",N/A,https://www.methodist.edu/academics/programs/,✕,〇,✕,✕,✕,✕,✕,✕,35.1328,-78.8763
Miami University,Oxford,"17,000",13%,1.22,2.78,80,6.5,110,Dec-01,"$40,000","$11,000","$17,000",https://miamioh.edu/admission-aid/majors-minors-programs/index.html,✕,〇,✕,✕,✕,✕,〇,✕,39.5094,-84.7312
Michigan State University,East Lansing,"41,000",9%,1.18,1.14,79,6.5,110,Nov-01,"$46,000","$13,000","$21,000",https://admissions.msu.edu/academics/majors-degrees-programs,✕,〇,✕,✕,✕,✕,〇,✕,42.7024,-84.4804
Michigan Technological University,Houghton,"6,000",9%,1.2,N/A,79,6.5,110,Nov-15,"$45,000","$14,000","$39,000",https://www.mtu.edu/majors/,✕,〇,✕,✕,✕,✕,✕,✕,47.1099,-88.5512
Middle East University,Amman,"4,000",N/A,1.67,N/A,N/A,N/A,N/A,Rolling,150万円,100万円,N/A,https://www.meu.edu.jo/,✕,〇,✕,✕,✕,✕,✕,✕,31.7892,35.9287
Middlebury College,Middlebury,"2,700",15%,9.3,N/A,N/A,N/A,N/A,Jan-03,"$70,000","$20,000","$80,000",https://www.middlebury.edu/college/academics/majors-minors,✕,✕,〇,〇,〇,△,✕,〇,44.0037,-73.173
Midland University,Fremont,"1,300",1%,1.49,N/A,79,6.5,100,Rolling,"$43,000","$12,000",N/A,https://www.midlandu.edu/academics/undergraduate-majors/,✕,〇,✕,✕,✕,✕,✕,✕,41.4383,-96.4877
Midway University,Midway,"1,100",1%,1.05,N/A,61,6,85,Rolling,"$27,000","$11,000",N/A,https://catalog.midway.edu/index.html,✕,〇,✕,✕,✕,✕,✕,✕,38.1432,-84.6731
Millikin University,Decatur,"1,800",4%,1.85,N/A,69,5.5,100,Dec-01,"$53,000","$17,000",N/A,https://millikin.edu/academic-programs,✕,〇,✕,✕,✕,△,✕,✕,39.843,-88.9743
Millsaps College,Jackson,600,3%,2.05,N/A,80,6.5,N/A,Apr-01,"$46,000","$16,000",N/A,https://millsaps.edu/majorsminors/,✕,〇,〇,✕,✕,△,✕,✕,32.322,-90.1798
Milwaukee Institute of Art and Design,Milwaukee,870,25%,1.56,2,79,N/A,N/A,Dec-01,"$44,000","$12,000",N/A,https://www.miad.edu/academic-programs/degree-programs/fye,✕,〇,✕,✕,✕,✕,✕,✕,43.0313,-87.9083
Minerva University,San Francisco,600,20%,27.78,N/A,N/A,N/A,N/A,Mar-03,"$30,000","$28,000","$15,000",https://www.minerva.edu/undergraduate/majors-concentrations/,✕,✕,〇,✕,〇,✕,✕,✕,37.7847,-122.4072
Mississippi College,Clinton,"2,700",3%,2.5,N/A,71,6,110,May-01,"$22,000","$12,000",N/A,https://www.mc.edu/academics/majors/undergraduate,✕,〇,〇,✕,✕,△,✕,✕,32.3354,-90.3319
Mississippi University for Women,Columbus,"2,000",1%,1,1,71,5.5,N/A,Rolling,"$9,000","$9,000",N/A,https://www.muw.edu/major/,〇,〇,✕,✕,✕,✕,✕,✕,33.4908,-88.4197
Molloy University,Rockville Centre,"3,300",1%,1.32,N/A,79,6.5,110,Dec-01,"$40,000","$11,000",N/A,https://www.molloy.edu/programs/?search=&program=&schools=&location=&pageindex=0&pagesize=10,✕,〇,✕,✕,✕,✕,✕,✕,40.6863,-73.6271
Monmouth College,Monmouth,700,3%,1.15,N/A,79,6.5,100,Dec-15,"$45,000","$12,000",N/A,https://www.monmouthcollege.edu/academics/majors-minors/,✕,〇,✕,✕,✕,△,✕,✕,40.6863,-90.6384
Montana State University,Bozeman,"15,000",2%,1.22,1.09,71,6,110,Dec-01,"$33,000","$14,000","$7,000",https://www.montana.edu/academics/index.html,〇,〇,✕,✕,✕,✕,✕,✕,45.6639,-111.0793
Montana Technological University,Butte,"1,400",4%,1.11,N/A,70,6,100,Rolling,"$27,000","$14,000",N/A,https://www.mtech.edu/academics/programs/index.html,✕,〇,✕,✕,✕,✕,✕,✕,46.0112,-112.5596
Montreat College,Montreat,750,2%,1.52,N/A,75,N/A,95,Jan-20,"$36,000","$13,000",N/A,https://www.montreat.edu/on-campus/degrees/?_degree_modality=on-campus,✕,〇,✕,✕,✕,✕,✕,✕,35.6459,-82.297
Moravian University,Bethlehem,"2,006",2%,1.85,43.19,N/A,N/A,N/A,Mar-15,"$53,000","$16,000","$45,000",https://www.moravian.edu/academics/programs,✕,〇,〇,✕,✕,✕,✕,✕,40.6309,-75.3835
Morehead State University,Morehead,"8,300",2%,1.3,2,61,5,N/A,Dec-01,"$26,000","$9,000","$12,000",https://www.moreheadstate.edu/academics/programs/,〇,✕,✕,✕,✕,✕,✕,✕,38.1867,-83.4332
Mount Holyoke College,South Hadley,"2,200",26%,2.78,6.13,100,7,130,Jan-15,"$68,000","$21,000","$55,000",https://www.mtholyoke.edu/academics/find-your-program,✕,〇,〇,✕,✕,〇,✕,〇,42.2553,-72.5697
Mount Marty University,Yankton,550,2%,2.35,10.26,N/A,N/A,N/A,Rolling,"$35,000","$10,000","$27,000",https://www.mountmarty.edu/academics/majors-and-programs/,✕,✕,〇,✕,✕,✕,✕,✕,43.0725,-88.0315
Mount Saint Mary's University,Emmitsburg,"1,900",3%,1.39,N/A,100,6.5,N/A,Dec-01,"$49,000","$17,000","$38,000",https://www.msmu.edu/program-finder/,✕,〇,〇,✕,✕,✕,✕,✕,39.6806,-77.3466
Mount St. Joseph University,Cincinnati,"2,100",2%,1.75,N/A,79,6.5,N/A,Dec-01,"$39,000","$14,000",N/A,https://www.msj.edu/academics/index.html,✕,✕,〇,✕,✕,✕,✕,✕,39.0948,-84.638
Muhlenberg College,Allentown,"1,700",2%,1.56,6.25,85,6.5,115,Feb-01,"$63,000","$15,000","$42,000",https://www.muhlenberg.edu/academics/majorsandprograms.html,✕,✕,〇,✕,✕,△,✕,✕,40.5976,-75.5105
Muskingum University,New Concord,"1,500",2%,1.22,N/A,46,5.5,75,Rolling,"$33,000","$14,000","$20,000",https://www.muskingum.edu/academics,✕,〇,✕,✕,✕,✕,✕,✕,39.9995,-81.7389
Myongji University,Seoul,"15,000",4%,1.49,N/A,105,N/A,N/A,May-31,150万円,150万円,N/A,https://www.mju.ac.kr/us/3543/subview.do,✕,〇,✕,✕,✕,✕,✕,✕,37.221,127.186
Nanyang Technological University,Singapore,"35,000",20%,2.12,N/A,90,6,N/A,Mar-19,"$45,000","$15,000",N/A,https://www.ntu.edu.sg/education/degree-programmes,✕,〇,✕,✕,✕,✕,✕,✕,1.348,103.683
National Central University,Zhongli District,"12,000",N/A,3.33,N/A,42,4,N/A,Mar-15,20～25万円,60万円,N/A,https://cis.ncu.edu.tw/admissions/default/college/open.programs/type/1,✕,〇,✕,✕,✕,✕,✕,✕,24.968,121.192
National Cheng Kung University,East District,"12,000",6%,10.68,N/A,80,N/A,N/A,Jan-20,20～25万円,60万円,N/A,https://oia.ncku.edu.tw/p/404-1032-229816.php?Lang=en,〇,〇,✕,✕,✕,✕,✕,✕,24.968,120.216
National Chengchi University,Wenshan District,"16,000",5%,3.45,N/A,72,5.5,N/A,Mar-20,20～25万円,60万円,N/A,https://www.nccu.edu.tw/p/426-1000-19.php?Lang=en,✕,〇,✕,✕,✕,✕,✕,✕,24.98,121.575
National Chung Hsing University,South District,"15,000",9%,2.5,N/A,N/A,N/A,N/A,Mar-20,20～25万円,60万円,N/A,https://www.oia.nchu.edu.tw/index.php/1-1-about-en-2/2-9-degree-programs-en/2-9-1-degree-programs-en,〇,〇,✕,✕,✕,✕,✕,✕,24.121,120.676
National Dong Hwa University,Shoufeng Township,"10,000",6%,3.23,N/A,N/A,N/A,N/A,Mar-15,20～25万円,60万円,N/A,https://www.ndhu.edu.tw/p/412-1000-10164.php?Lang=en,〇,〇,✕,✕,✕,✕,✕,✕,23.897,121.543
National Taiwan Normal University,Da’an District,"17,000",12%,2.94,N/A,N/A,N/A,N/A,Mar-31,20～25万円,60万円,N/A,https://en.ntnu.edu.tw/academics.php,〇,〇,✕,✕,✕,✕,✕,✕,25.026,121.527
National Taiwan University,Da’an District,"17,000",18%,1.96,N/A,72,5.5,N/A,Feb-13,20～25万円,60万円,N/A,https://admissions.ntu.edu.tw/learn/colleges-departments/,〇,〇,✕,✕,✕,✕,✕,✕,25.017,121.538
National Tsing Hua University,East District,"6,300",3%,1.96,N/A,N/A,N/A,N/A,Apr-30,20～25万円,60万円,N/A,https://www.tsinghua.edu.cn/en/Admissions/Undergraduate/Degree_Programs.htm,〇,〇,✕,✕,✕,✕,✕,✕,24.792,120.992
National University of Singapore,Singapore,"38,000",10%,19.6,N/A,92,N/A,N/A,Feb-05,"$40,000","$15,000",N/A,https://nus.edu.sg/oam/undergraduate-programmes,✕,〇,✕,✕,✕,✕,✕,✕,1.296,103.777
National Yunlin University of Science and Technology,Douliu City,"10,000",9%,11.11,N/A,N/A,N/A,N/A,Jan-15,20～25万円,60万円,N/A,https://admissions-oia.yuntech.edu.tw/intladmission,〇,〇,✕,✕,✕,✕,✕,✕,23.696,120.534
New York University,New York,"26,000",28%,6.17,N/A,90,7,125,Jan-05,"$68,000","$28,000",N/A,https://www.nyu.edu/admissions/undergraduate-admissions/majors-and-programs.html,✕,〇,〇,〇,〇,✕,✕,〇,40.729,-73.995
New York University Abu Dhabi,Abu Dhabi,"1,600",82%,12.5,38.46,100,7.5,135,Jan-05,"$68,000","$17,000",N/A,https://nyuad.nyu.edu/en/course-list.html,〇,〇,〇,✕,✕,✕,✕,✕,24.524,54.435
New York University Shanghai,Shanghai,"1,800",65%,14.29,20.38,90,6.5,N/A,Jan-05,"$68,000","$10,000",N/A,https://shanghai.nyu.edu/undergraduate,✕,✕,〇,✕,✕,✕,✕,✕,40.728,40.728
Northern Illinois University,DeKalb,"11,000",4%,1.43,N/A,80,6.5,N/A,Jan-31,"$22,000","$12,000",N/A,https://www.niu.edu/academics/undergraduate/,✕,〇,✕,✕,✕,✕,✕,✕,41.937,-88.783
Northwest College of Art & Design,Tacoma,140,32%,1.32,N/A,N/A,N/A,N/A,Feb-01,"$18,000","$15,000",N/A,https://ncad.edu/academics/bfa/,✕,〇,✕,✕,✕,△,✕,✕,47.252,-122.439
Northwest Nazarene University,Nampa,"1,200",1%,1.59,N/A,70,6,95,Nov-15,"$42,000","$16,000",N/A,https://nnu.edu/academics/find-your-degree/,〇,〇,✕,✕,✕,✕,✕,✕,43.561,-116.566
Northwest University,Kirkland,680,7%,1.13,N/A,80,6.5,N/A,Jan-15,"$37,000","$15,000",N/A,https://www.northwestu.edu/,✕,〇,✕,✕,✕,✕,✕,✕,47.658,-122.192
Northwestern University,Evanston,"11,000",16%,13,N/A,N/A,N/A,N/A,Jan-02,"$70,000","$22,000","$74,000",https://admissions.northwestern.edu/academics/majors-minors/,✕,✕,〇,〇,〇,✕,✕,〇,42.056,-87.675
Northwestern University in Qatar,Ar Rayyan,600,40%,4,N/A,N/A,N/A,N/A,Jan-15,"$70,000","$8,000",N/A,https://www.qatar.northwestern.edu/academics/undergraduate/,✕,✕,〇,✕,✕,✕,✕,✕,25.318,51.445
Oberlin College,Oberlin,"2,900",33%,2.93,9.23,N/A,N/A,N/A,Jan-15,"$70,000","$20,000","$49,000",https://www.oberlin.edu/arts-and-sciences/areas-of-study,〇,〇,〇,✕,✕,△,✕,〇,41.296,-82.222
Occidental College,Los Angeles,"1,900",7%,2.26,4.38,100,7,130,Jan-10,"$66,000","$20,000","$32,000",https://www.oxy.edu/academics/areas-study,✕,✕,〇,✕,✕,△,✕,〇,34.127,-118.21
Oglethorpe University,Brookhaven,"1,500",9%,1.67,N/A,79,6.5,105,May-01,"$50,000","$15,000",N/A,https://oglethorpe.edu/academics/programs/,✕,〇,〇,✕,✕,△,✕,✕,33.876,-84.334
Ohio University,Athens,"2,700",9%,1.18,1.8,70,6,110,Feb-15,"$27,000","$17,000","$7,000",https://www.ohio.edu/programs/undergraduate,✕,〇,✕,✕,✕,✕,✕,✕,39.324,-82.102
Ohio Wesleyan University,Delaware,"1,400",6%,1.92,N/A,79,6.5,110,Mar-01,"$55,000","$15,000","$43,000",https://www.owu.edu/academics/majors-minors/,✕,〇,〇,✕,✕,△,✕,✕,39.324,-83.064
Otterbein University,Westerville,"2,100",1%,1.2,N/A,79,6.5,105,Dec-15,"$52,000","$15,000","$40,000",https://www.otterbein.edu/,✕,〇,✕,✕,✕,✕,✕,✕,40.128,-82.936
Oxford College of Emory University,Oxford,"1,000",9%,5.88,N/A,100,7.5,130,Jan-01,"$68,000","$23,000",N/A,https://oxford.emory.edu/catalog/academics/index.html,〇,〇,〇,✕,✕,✕,✕,✕,33.62,-83.871
Pace University,New York,"8,200",11%,1.59,N/A,62,6,N/A,Dec-01,"$53,000","$25,000",N/A,https://www.pace.edu/find-your-program/undergraduate,✕,〇,✕,✕,✕,✕,✕,✕,40.711,-74.005
Pacific Lutheran University,Tacoma,"2,400",10%,1.14,N/A,79,6.5,115,Dec-01,"$51,000","$18,000",N/A,https://www.plu.edu/academic-programs/,✕,〇,✕,✕,✕,✕,✕,✕,47.144,-122.444
Pacific Union College,Angwin,900,3%,2.06,N/A,80,6.5,105,Rolling,"$38,000","$11,000",N/A,https://www.puc.edu/academics,✕,〇,✕,✕,✕,✕,✕,✕,38.57,-122.44
Pfeiffer University,Misenheimer,650,3%,1.45,N/A,N/A,N/A,N/A,Dec-05,"$37,000","$16,000",N/A,https://www.pfeiffer.edu/academics/undergraduate-programs/,✕,〇,✕,✕,✕,✕,✕,✕,38.57,-80.282
Piedmont University,Demorest,"1,100",2%,1.55,N/A,80,6,100,Rolling,"$31,000","$17,000",N/A,https://piedmont.smartcatalogiq.com/,✕,〇,✕,✕,✕,✕,✕,✕,34.566,-83.544
Pittsburg State University,Pittsburg,"4,400",1%,1.08,1.11,68,6,100,Jan-15,"$20,000","$11,000","$2,000",https://www.pittstate.edu/academics/index.html,✕,〇,✕,✕,✕,✕,✕,✕,37.39,-94.695
Pitzer College,Claremont,"1,200",9%,3.97,18.73,100,7,130,Jan-12,"$65,000","$23,000","$80,000",https://www.pitzer.edu/academics/programs,✕,✕,〇,✕,✕,△,✕,〇,34.105,-117.705
Pomona College,Claremont,"1,800",11%,14.11,N/A,N/A,N/A,N/A,Jan-08,"$69,000","$23,000","$80,000",https://www.pomona.edu/academics,✕,✕,〇,〇,〇,△,✕,〇,34.097,-117.712
Pratt Institute,Kings County,"2,900",62%,1.36,1.34,79,6.5,N/A,Jan-15,"$64,000","$19,000","$20,000",https://www.pratt.edu/programs/#undergraduate,〇,〇,✕,✕,✕,✕,✕,✕,40.691,-73.963
Presbyterian College,Clinton,900,3%,1.6,N/A,80,6,105,Nov-01,"$46,000","$14,000",N/A,https://www.presby.edu/programs/?filters=%255B%257B%2522name%2522%253A%2522Major%2522%252C%2522value%2522%253A%2522major%2522%252C%2522taxonomy%2522%253A%2522program-type%2522%252C%2522term_id%2522%253A5%257D%252C%257B%2522name%2522%253A%2522Minor%2522%252C%2522value%2522%253A%2522minor%2522%252C%2522taxonomy%2522%253A%2522program-type%2522%252C%2522term_id%2522%253A6%257D%252C%257B%2522name%2522%253A%2522Pre-Professional%2522%252C%2522value%2522%253A%2522pre-professional%2522%252C%2522taxonomy%2522%253A%2522program-type%2522%252C%2522term_id%2522%253A85%257D%255D&months=%255B%255D&years=%255B%255D&search=&pt=program,〇,〇,〇,✕,✕,△,✕,✕,34.463,-81.867
President University,Kabupaten Bekasi,"9,000",6%,12.5,N/A,N/A,N/A,N/A,Rolling,30万円,40万円,N/A,https://president.ac.id/#,✕,〇,✕,✕,✕,✕,✕,✕,-6.286,107.171
Princeton University,Princeton,"5,800",23%,21.66,47.33,N/A,N/A,N/A,Jan-01,"$66,000","$22,000","$76,000",https://www.princeton.edu/academics,✕,〇,〇,〇,〇,✕,✕,〇,40.339,-74.658
Principia College,Elsah,340,21%,2.27,N/A,80,6.5,115,Mar-01,"$36,000","$18,000",N/A,https://www.principiacollege.edu/academics,✕,〇,✕,✕,✕,△,✕,✕,38.948,-90.35
Providence College,Providence,"4,300",2%,2.05,6.97,90,7,120,Jan-15,"$64,000","$18,000","$80,000",https://academics.providence.edu/majors-and-minors/,✕,✕,〇,✕,✕,✕,✕,✕,41.844,-71.435
Pusan National University,Busan,"1,700",6%,3.33,N/A,N/A,N/A,N/A,Mar-15,140万円,100万円,N/A,https://www.pusan.ac.kr/eng/CMS/OrganizationMgr/Undergraduate.do?mCode=MN019,✕,〇,✕,✕,✕,✕,✕,✕,35.234,129.078
Qatar University,Doha,"1,000",20%,1.43,N/A,61,N/A,N/A,Mar-02,90万円,150万円,N/A,https://qu.edu.qa/en-us/students/admission/undergraduate/Pages/academic-programs.aspx,〇,〇,✕,✕,✕,✕,✕,✕,25.375,51.496
Queens University of Charlotte,Charlotte,"1,900",4%,1.47,N/A,80,6,120,Jan-16,"$46,000","$24,000",N/A,https://www.queens.edu/academics/programs-of-study/,✕,〇,✕,✕,✕,✕,✕,✕,25.375,-80.833
Quincy University,Quincy,"1,100",3%,1.96,N/A,80,6.5,N/A,Rolling,"$38,400","$14,000","$25,000",https://www.quincy.edu/academics/quincy-university-undergraduate-programs/,✕,✕,〇,✕,✕,✕,✕,✕,39.955,-91.39
Randolph College,Lynchburg,520,3%,1.05,N/A,83,6.5,N/A,Mar-01,"$31,000","$13,000",N/A,https://www.randolphcollege.edu/admission/,✕,〇,✕,✕,✕,△,✕,✕,37.763,-77.48
Randolph-Macon College,Ashland,"1,500",2%,1.2,N/A,80,6.5,105,Mar-01,"$52,000","$16,000",N/A,https://www.rmc.edu/academics/degrees-and-programs/,✕,〇,〇,✕,✕,△,✕,✕,37.763,-77.48
RCSI & UCD Malaysia / Royal College of Surgeons in Ireland & University College Dublin in Malaysia,George Town,"1,700",4%,5.88,N/A,79,6.5,N/A,Apr-15,150～360万円,80万円,N/A,https://www.rumc.edu.my/programmes/,✕,✕,✕,✕,✕,✕,✕,✕,5.42,100.307
Reed College,Portland,"1,000",11%,4.06,22.17,110,7,145,Jan-15,"$72,000","$18,000","$67,000",https://www.reed.edu/academics/,✕,✕,〇,✕,✕,△,✕,〇,45.481,-122.631
Regent University,Virginia Beach,"4,500",2%,3.98,N/A,90,7,115,Feb-17,"$23,000","$20,000",N/A,https://www.regent.edu/academic-degrees/bachelors-degree/?_gl=1*1b1hvi5*_up*MQ..*_ga*NTI4NDk0MzgxLjE3NTQ1MTg3MTM.*_ga_6WZ9KRCLRP*czE3NTQ1MTg3MTEkbzEkZzEkdDE3NTQ1MTg3MzkkajMyJGwwJGgw,✕,〇,✕,✕,✕,✕,✕,✕,36.799,-76.194
Regis University,Denver,"2,700",13%,1.16,2.06,82,N/A,N/A,Dec-01,"$48,000","$17,000","$22,000",https://www.regis.edu/academics/majors-and-programs/?search=bachelors,✕,〇,〇,✕,✕,✕,✕,✕,39.79,-105.031
Reinhardt University,Waleska,"1,100",4%,1.66,6.2,64,6,90,Rolling,"$30,000","$14,000","$31,000",https://www.reinhardt.edu/academics/degrees-and-programs/,〇,〇,〇,✕,✕,✕,✕,✕,34.322,-84.553
Rhode Island School of Design,Providence,"2,100",36%,7.25,N/A,N/A,N/A,N/A,Jan-20,"$66,000","$23,000",N/A,https://risd.cc/programs,✕,✕,〇,✕,✕,✕,✕,✕,41.827,-71.406
Rhodes College,Memphis,"1,800",6%,1.99,7.09,95,7,130,Jan-15,"$59,000","$15,000","$45,000",https://www.rhodes.edu/academics,✕,✕,〇,✕,✕,△,✕,✕,35.156,-89.989
Rice University,Houston,"4,800",14%,12.5,25.3,90,7,115,Jan-04,"$68,000","$20,000","$77,000",https://www.rice.edu/majors-minors-and-programs,✕,✕,〇,〇,〇,✕,✕,〇,29.717,-95.405
Ripon College,Ripon,730,2%,1.23,N/A,79,6.5,110,Mar-01,"$52,000","$12,000",N/A,https://ripon.edu/academics/areas/,✕,〇,〇,✕,✕,△,✕,✕,29.717,-88.854
Roberts Wesleyan University,Rochester,"1,100",2%,1.29,N/A,75,6,N/A,Rolling,"$39,000","$15,000",N/A,https://www.roberts.edu/all-programs/traditional-undergraduate/,✕,〇,✕,✕,✕,✕,✕,✕,43.124,-77.798
Rochester Christian University,Rochester Hills,"1,100",2%,2.79,N/A,68,N/A,95,Apr-01,"$32,000","$15,000",N/A,https://rcu.edu/academic-undergraduate/,✕,〇,✕,✕,✕,✕,✕,✕,42.669,-83.144
Rochester Institute of Technology,Rochester,"14,000",13%,1.5,2.67,79,6.5,120,Jan-15,"$62,000","$17,000","$25,000",https://www.rit.edu/study/undergraduate,✕,✕,〇,✕,✕,✕,✕,✕,43.083,-77.673
Rockhurst University,Kansas City,"2,400",6%,1.45,N/A,80,6.5,110,Jan-01,"$45,000","$17,000",N/A,https://www.rockhurst.edu/academics/undergraduate,✕,〇,✕,✕,✕,✕,✕,✕,39.031,-94.571
Rollins College,Winter Park,"2,600",8%,2.1,5.77,80,6.5,120,Feb-01,"$63,000","$18,000","$37,000",https://www.rollins.edu/academics/majors-minors/,〇,〇,〇,✕,✕,✕,✕,✕,28.593,-81.348
Rose-Hulman Institute of Technology,Terre Haute,"2,200",7%,1.37,1.54,88,6.5,110,Feb-01,"$58,000","$24,000","$34,000",https://www.rose-hulman.edu/academics/degrees-and-programs/index.html,✕,〇,〇,✕,✕,✕,✕,✕,39.483,-87.324
Rosemont College,Bryn Mawr,500,6%,1,N/A,N/A,N/A,N/A,Jan-15,"$24,000","$15,000",N/A,https://rosemont.edu/college/academics/undergraduate-college/,✕,〇,✕,✕,✕,△,✕,✕,39.483,-75.329
Royal College of Art,Greater London,"2,300",28%,3.68,N/A,N/A,6.5,N/A,Jan-28,"£34,000～41,000","£15,000",N/A,https://www.rca.ac.uk/study/programme-finder/?full-time=true&part-time=true,〇,〇,✕,✕,✕,✕,✕,✕,51.501,-0.179
Royal College of Music,Greater London,900,24%,2.33,N/A,N/A,7,N/A,Jan-28,"£30,000","£15,000",N/A,https://www.rcm.ac.uk/courses/undergraduate/,〇,〇,✕,✕,✕,✕,✕,✕,51.5,-0.177
Sabanci University,Tuzla,"4,300",12%,3.33,N/A,N/A,N/A,N/A,May-30,570万円,120万円,N/A,https://www.sabanciuniv.edu/en/prospective-students/undergraduate/course-catalog,〇,〇,〇,✕,✕,✕,✕,✕,40.893,29.379
Saginaw Valley State University,University Center,"6,200",5%,1.39,2.33,71,6,105,Jan-28,"$28,000","$13,000","$14,000",https://www.svsu.edu/go/academics/,✕,〇,✕,✕,✕,✕,✕,✕,43.513,-83.965
Saint Elizabeth University,Morristown,670,2%,1.3,N/A,N/A,N/A,N/A,Dec-31,"$36,000","$13,000",N/A,https://www.steu.edu/academics/programs-of-study.html,✕,〇,✕,✕,✕,✕,✕,✕,40.778,-74.442
Saint Joseph's University,Philadelphia,"4,800",3%,1.16,N/A,79,6.5,105,Feb-01,"$57,000","$16,000",N/A,https://www.sju.edu/degree-programs?field_degree_certificates_target_id%5B4096%5D=4096,✕,〇,✕,✕,✕,✕,✕,✕,39.946,-75.207
Saint Mary's College,Notre Dame,"1,400",2%,1.23,N/A,80,6.5,105,Feb-15,"$55,000","$15,000",N/A,https://www.saintmarys.edu/academics/academic-programs,〇,〇,✕,✕,✕,✕,✕,✕,41.707,-86.256
Salem College,Winston-Salem,520,1%,1.15,N/A,79,6.5,105,Feb-15,"$36,000","$14,000",N/A,https://www.salem.edu/academics/academic-programs/,〇,〇,✕,✕,✕,△,✕,✕,36.086,-80.24
San Francisco Conservatory of Music,San Francisco,220,1%,1.93,N/A,80,6.5,N/A,Dec-01,"$58,000","$17,000",N/A,https://sfcm.edu/study/majors/academics,✕,〇,✕,✕,✕,✕,✕,✕,37.776,-122.42
Santa Clara University,Santa Clara,"6,600",10%,2.08,3.32,90,6,120,Nov-01,"$63,000","$21,000","$47,000",https://www.scu.edu/academics/undergraduate-programs/,〇,〇,✕,✕,✕,✕,✕,✕,37.349,-121.937
Sarah Lawrence College,Bronxville,"1,600",14%,1.62,3.06,100,7,130,Jan-15,"$70,000","$20,000","$48,000",https://www.sarahlawrence.edu/undergraduate/areas-of-study/,✕,✕,〇,✕,✕,△,✕,✕,40.934,-73.845
School of the Art Institute of Chicago,Chicago,"2,700",31%,1.31,N/A,96,7,N/A,Jan-15,"$54,000","$19,000",N/A,https://www.saic.edu/academics/undergraduate-studies,✕,〇,✕,✕,✕,✕,✕,✕,41.881,-87.627
Scripps College,Claremont,"1,100",5%,2.95,5.48,100,7,130,Jan-08,"$67,000","$22,000","$55,000",https://www.scrippscollege.edu/departments/,✕,✕,〇,✕,✕,✕,✕,〇,34.104,-117.709
Sebelas Maret University,Surakarta,"43,000",15%,9.26,N/A,N/A,N/A,N/A,Sept-30,20万円,60万円,N/A,https://uns.ac.id/en/academic/accreditation-in-undergraduate-programs/,〇,〇,✕,✕,✕,✕,✕,✕,-7.559,110.857
Shih Hsin University,Wenshan District,"9,600",2%,N/A,N/A,N/A,N/A,N/A,Apr-08,20～25万円,60万円,N/A,https://ap4.shu.edu.tw/stu1/stu1/SC01022.aspx,〇,〇,✕,✕,✕,✕,✕,✕,24.99,121.547
Shorter University,Rome,"1,300",2%,1.03,N/A,61,5,N/A,Jan-24,"$25,000","$11,000",N/A,https://www.shorter.edu/majors/,✕,〇,✕,✕,✕,✕,✕,✕,34.259,-85.195
Simmons University,Boston,"1,700",3%,1.21,N/A,83,6.5,115,Feb-01,"$41,000","$14,000",N/A,https://www.simmons.edu/academics/find-program,✕,〇,〇,✕,✕,✕,✕,✕,42.339,-71.1
Singapore Institute of Technology,Singapore,"13,000",16%,2,N/A,N/A,N/A,N/A,Mar-19,"$39,000","$15,000",N/A,https://www.singaporetech.edu.sg/undergraduate-programmes,✕,〇,✕,✕,✕,✕,✕,✕,1.3,103.78
Singapore University of Social Sciences,Singapore,"15,000",24%,2.5,N/A,85,6.5,N/A,Mar-31,"$35,000","$15,000",N/A,https://www.suss.edu.sg/academics/programmes/full-time-undergraduate,✕,〇,✕,✕,✕,✕,✕,✕,1.329,103.776
Singapore University of Technology and Design,Singapore,"12,000",17%,16.67,N/A,N/A,N/A,N/A,Mar-31,"$32,000","$15,000",N/A,https://www.sutd.edu.sg/education/undergraduate,✕,〇,✕,✕,✕,✕,✕,✕,1.342,103.964
Skidmore College,Saratoga Springs,"2,700",10%,4.75,N/A,N/A,N/A,N/A,Jan-08,"$69,000","$18,000","$79,000",https://www.skidmore.edu/academics/majors.php,✕,✕,〇,✕,✕,✕,✕,〇,43.099,-73.784
Smith College,Northampton,"1,900",14%,4.76,16.62,N/A,N/A,N/A,Jan-15,"$68,000","$24,000","$85,000",https://www.smith.edu/academics/departments-programs-courses,✕,✕,〇,✕,〇,〇,✕,〇,42.316,-72.64
Sodertorn University,Stockholms län,"13,000",24%,2.44,N/A,N/A,N/A,N/A,Jan-15,"€13,000","€13,000",N/A,https://www.sh.se/english/sodertorn-university/programmes--courses/find-programmes--courses?type=Programme,✕,〇,✕,✕,✕,✕,✕,✕,59.219,17.943
South East Technological University,Waterford,"20,000",20%,1.51,N/A,70,5.5,N/A,May-04,"€14,000","€9,000",N/A,https://www.setu.ie/courses/type/cao-undergrad,✕,〇,✕,✕,✕,✕,✕,✕,52.263,-7.115
Southern California Institute of Architecture,Los Angeles,600,5%,1.21,N/A,92,7,115,Jan-15,"$60,000","$19,000",N/A,https://www.sciarc.edu/academics/undergraduate-programs,✕,〇,✕,✕,✕,✕,✕,✕,34.043,-118.233
Southern Methodist University,Dallas,"7,100",9%,1.64,2.57,80,6.5,110,Jan-15,"$67,000","$20,000","$44,000",https://www.smu.edu/admission/academics/majors,✕,〇,✕,✕,✕,✕,✕,✕,32.842,-96.782
Southern Oklahoma State University,Durant,"3,200",2%,1.25,N/A,61,5.5,N/A,Rolling,"$16,000","$13,000",N/A,https://www.se.edu/academic-affairs/academic-departments/,〇,〇,✕,✕,✕,✕,✕,✕,32.842,-96.375
Southwestern University,Georgetown,"1,400",1%,2.32,12.69,88,6.5,N/A,Feb-04,"$57,000","$18,000","$36,000",https://www.southwestern.edu/academics/majors-minors/,✕,✕,〇,✕,✕,△,✕,✕,34.007,-96.375
Spelman College,Atlanta,"3,600",1%,2.94,N/A,N/A,N/A,N/A,Feb-01,"$32,000","$19,000",N/A,https://www.spelman.edu/academics/majors-minors-and-programs.html,✕,〇,〇,✕,✕,△,✕,✕,33.745,-84.411
Spring Hill College,Mobile,850,10%,1.69,N/A,71,6,105,Jan-15,"$24,000","$12,000",N/A,https://www.shc.edu/academics/,✕,〇,✕,✕,✕,△,✕,✕,30.692,-88.136
Springfield College,Springfield,"1,800",3%,1.4,2.58,70,6,105,Rolling,"$47,000","$15,000","$36,000",https://springfield.edu/academics,✕,✕,〇,✕,✕,✕,✕,✕,42.103,-72.557
"St. John's College, Annapolis",Annapolis,500,15%,2.33,N/A,N/A,N/A,N/A,Feb-15,"$42,000","$17,000",N/A,https://www.sjc.edu/academic-programs/undergraduate,✕,〇,〇,✕,✕,△,✕,✕,38.982,-76.492
"St. John's College, Santa Fe",Santa Fe,370,14%,2.08,N/A,N/A,N/A,N/A,Feb-15,"$42,000","$17,000",N/A,https://www.sjc.edu/academic-programs/undergraduate,✕,〇,〇,✕,✕,△,✕,✕,35.667,-105.912
St. Lawrence University,Canton,"2,000",9%,2.64,N/A,N/A,N/A,N/A,Feb-02,"$68,000","$18,000","$50,000",https://www.stlawu.edu/academics/majors-and-minors,✕,〇,〇,✕,✕,△,✕,✕,44.588,-75.148
St. Mary's University,San Antonio,"2,100",5%,1.43,N/A,80,6,110,Rolling,"$39,000","$17,000",N/A,https://www.stmarys.ac.uk/courses,✕,✕,〇,✕,✕,✕,✕,✕,29.452,-98.565
St. Norbert College,De Pere,"1,700",2%,1.08,N/A,N/A,N/A,N/A,Rolling,"$46,000","$14,000","$30,000",https://www.snc.edu/academics/programs-degrees.html,✕,✕,〇,✕,✕,△,✕,✕,44.444,-88.067
St. Olaf College,Northfield,"3,100",10%,2.07,4.77,90,6.5,120,Jan-15,"$63,000","$14,000","$65,000",https://wp.stolaf.edu/academics/majors-concentrations/,✕,✕,〇,✕,✕,△,✕,〇,44.464,-93.187
St. Thomas Aquinas College,Sparkill,"1,800",4%,1.22,N/A,80,6.5,105,Rolling,"$40,000","$16,000",N/A,https://stac.edu/academics/,✕,✕,〇,✕,✕,△,✕,✕,34.431,-119.087
Stanford University,Stanford,7900,23%,27.73,N/A,N/A,N/A,N/A,Jan-05,"$69,000","$22,000","$80,000",https://majors.stanford.edu/majors,✕,✕,〇,〇,〇,✕,✕,〇,37.431,-122.169
Stephens College,Columbia,400,3%,1.09,N/A,N/A,N/A,N/A,Rolling,"$30,000","$17,000",N/A,https://stephens.edu/academics/,✕,〇,✕,✕,✕,△,✕,✕,38.9506,-92.323
Stevens Institute of Technology,Hoboken,"4,200",3%,2.1,3.11,86,7,120,Jan-05,"$65,000","$20,000","$22,000",https://programs.stevens.edu/s/search.html?collection=21772~sp-pf-search,✕,〇,〇,✕,✕,✕,✕,✕,40.7448,-74.0252
Stockholm University of the Arts,Stockholms län,400,9%,11.76,N/A,72,5.5,N/A,Jan-15,"€8,000～9,000","€14,000",N/A,https://utbildning.su.se/english/education/course-catalogue?q=&internationalStudents=%5B%22true%22%5D&forcedReasonCode=%5B%220%22%5D,✕,〇,✕,✕,✕,✕,✕,✕,59.3534,18.0661
Stonehill College,Easton,"2,500",2%,1.34,N/A,80,6.5,120,Feb-15,"$59,000","$9,000",N/A,https://www.stonehill.edu/programs/,〇,〇,〇,✕,✕,△,✕,✕,42.06,-71.0793
Sungkyunkwan University,Seoul,"26,000",4%,6.67,N/A,80,6.5,N/A,Nov-17,80万円,120万円,N/A,https://www.skku.edu/eng/edu/education.do,✕,〇,✕,✕,✕,✕,✕,✕,37.587,126.9906
Sunway University,Petaling Jaya,"5,000",30%,1.67,N/A,N/A,N/A,N/A,Rolling,100万円,80万円,N/A,https://www.sunwayuniversity.edu.my/,✕,〇,✕,✕,✕,✕,✕,✕,3.0672,101.6039
Swarthmore College,Swarthmore,"1,600",15%,13.39,N/A,N/A,N/A,N/A,Jan-04,"$69,000","$22,000","$82,000",https://www.swarthmore.edu/academics,✕,✕,〇,〇,〇,△,✕,〇,39.9029,-75.3552
Swedish University of Agricultural Sciences,Uppsala län,"5,700",6%,1.76,N/A,N/A,N/A,N/A,Jan-15,"€12,000","€14,000",N/A,https://www.slu.se/en/study/programmes-courses/,✕,〇,✕,✕,✕,✕,✕,✕,63.8202,20.3147
Sweet Briar College,Amherst,450,4%,1.32,N/A,65,6,N/A,Rolling,"$27,000","$17,000","$27,000",https://www.sbc.edu/academics/majors-minors/,✕,✕,〇,✕,✕,✕,✕,✕,37.5553,-79.0833
Syracuse University,Syracuse,"16,000",20%,2.4,N/A,80,6.5,120,Jan-05,"$68,000","$21,000",N/A,https://www.syracuse.edu/academics/programs/?level=undergraduate,✕,〇,〇,✕,✕,✕,✕,✕,43.0171,-76.1186
Taejae University,Seoul,40,41%,12.82,N/A,N/A,N/A,N/A,Apr-11,"$34,000","$19,000",N/A,https://www.taejae.ac.kr/board/schools,〇,〇,✕,✕,✕,✕,✕,✕,37.574,126.9778
Tampere University,Tampere,"23,000",16%,8.33,N/A,92,6.5,N/A,Jan-22,"€10,000","€12,000",N/A,https://www.tuni.fi/en/study-with-us/tampere-university-studies/bachelors-programmes,✕,〇,✕,✕,✕,✕,✕,✕,61.4935,23.779
Temple University,Philadelphia,"22,000",6%,1.24,1.41,79,6.5,N/A,Feb-01,"$40,000","$21,000","$17,000",https://www.temple.edu/academics/degree-programs,✕,〇,✕,✕,✕,✕,〇,✕,39.9812,-75.1563
Temple University Japan,東京,"2,200",75%,1.2,N/A,79,6,110,Apr-01,180万円,120万円,N/A,https://www.tuj.ac.jp/ug/academics/semester-info/descriptions,✕,〇,✕,✕,✕,✕,✕,✕,35.6425,139.6739
Texas Christian University,Fort Worth,"11,000",5%,2.25,2.93,80,6.5,N/A,Feb-01,"$64,000","$18,000","$53,000",https://www.tcu.edu/academics/programs/index.php,✕,〇,〇,✕,✕,✕,✕,✕,32.708,-97.3612
The College of Saint Rose,Albany,"1,300",3%,1.37,N/A,80,5.5,N/A,Dec-01,"$39,000","$16,000",N/A,https://strose.smartcatalogiq.com/en/2023-2025/2023-2025-undergraduate-catalog/courses/,✕,〇,✕,✕,✕,✕,✕,✕,42.6634,-73.7858
The Education University of Hong Kong,New Territories,"5,000",25%,11.11,N/A,80,6,N/A,Jan-02,300万円,150万円,N/A,https://www.eduhk.hk/en/academies,〇,〇,✕,✕,✕,✕,✕,✕,22.4693,114.1947
The George Washington University,Washington,"12,000",13%,2.12,2.78,90,6.5,N/A,Jan-05,"$70,000","$18,000","$35,000",https://bulletin.gwu.edu/courses/,✕,〇,✕,✕,✕,✕,〇,✕,38.8995,-77.0482
The Hong Kong Polytechnic University,Kowloon,"15,000",33%,3.33,N/A,80,6,N/A,May-15,300万円,150万円,N/A,https://www.polyu.edu.hk/study/ug/programmes/find-your-programmes,✕,〇,✕,✕,✕,✕,✕,✕,22.3045,114.1797
The Hong Kong University of Science and Technology,New Territories,"10,000",20%,2.94,N/A,90,7,N/A,Jan-09,300万円,150万円,N/A,https://prog-crs.hkust.edu.hk/ugcourse,✕,〇,✕,✕,✕,✕,✕,✕,22.3358,114.2659
The Juilliard School,New York,600,29%,11.11,N/A,73,N/A,N/A,Dec-01,"$55,000","$27,000",N/A,https://www.juilliard.edu/,✕,✕,〇,✕,✕,✕,✕,✕,40.7738,-73.9831
The Royal Academy of Music,Greater London,800,15%,4,N/A,N/A,N/A,N/A,Oct-02,"£37,800","£15,000",N/A,"https://www.ram.ac.uk/study/about-our-courses#:~:text=Tailor%20your%20studies%20to%20suit%20your%20musical%20interests,well%20as%20enjoying%20a%20variety%20of%20performance%20opportunities.",✕,〇,✕,✕,✕,✕,✕,✕,55.6824,12.5527
The University of Alabama,Tuscaloosa,"12,000",3%,1.13,1.79,63,6,N/A,Dec-05,"$29,000","$13,000","$30,000",https://catalog.ua.edu/undergraduate/about/academic-regulations/records/all-courses/,〇,〇,✕,✕,✕,✕,✕,✕,33.211,-87.5173
The University of North Carolina at Charlotte,Charlotte,"25,000",8%,1.26,1.35,70,6,N/A,Feb-01,"$22,000","$15,000",N/A,https://catalog.charlotte.edu/content.php?catoid=27&navoid=2571,✕,〇,✕,✕,✕,✕,✕,✕,35.3065,-80.735
The University of North Carolina at Chapel Hill,Chapel Hill,"21,000",6%,6.52,7,N/A,N/A,N/A,Dec-01,"$46,000","$15,000",N/A,https://catalog.unc.edu/courses/,〇,✕,✕,✕,✕,✕,✕,✕,35.905,-79.0478
The University of the South,Sewanee,"1,600",4%,1.96,38.68,95,7,115,Feb-01,"$56,000","$16,000","$61,000",https://new.sewanee.edu/programs-of-study/,〇,〇,〇,✕,✕,△,✕,✕,35.2044,-85.919
The University of Tulsa,Tulsa,"2,600",11%,1.72,N/A,70,6,N/A,Feb-01,"$72,000","$16,000",N/A,https://bulletin.utulsa.edu/content.php?catoid=15&navoid=848&_gl=1*bpiyth*_gcl_au*MTM4MDM3MDU5MS4xNzU1MzQ4MTQ2*_ga*MTc2MDM1NDgyOS4xNzU1MzQ4MTQ3*_ga_NVZ5JBRH00*czE3NTU3OTk2NDUkbzIkZzEkdDE3NTU3OTk2NzckajI4JGwwJGg3NjU1ODU0Ng..&_ga=2.100464990.1916461462.1755799645-1760354829.1755348147,✕,〇,〇,✕,✕,✕,〇,✕,36.1523,-95.946
Thomas Aquinas College - California,Santa Paula,530,4%,1.27,N/A,N/A,N/A,N/A,Rolling,"$31,000","$12,000",N/A,https://www.thomasaquinas.edu/a-liberating-education,✕,✕,〇,✕,✕,△,✕,〇,34.4301,-119.0868
Thomas Aquinas College - New England,Northfield,460,4%,1.18,N/A,N/A,N/A,N/A,Rolling,"$31,000","$12,000",N/A,https://www.thomasaquinas.edu/a-liberating-education,✕,✕,〇,✕,✕,△,✕,〇,42.716,-72.4422
Thomas College,Waterville,750,13%,1.03,N/A,72,5.5,105,Rolling,"$32,000","$16,000",N/A,https://www.thomas.edu/programs/program-levels-undergraduate/,✕,〇,〇,✕,✕,✕,✕,✕,44.5224,-69.6633
Thomas More University,Crestview Hills,"1,800",2%,1.03,N/A,70,6,105,Dec-01,"$42,000","$16,000",N/A,https://www.thomasmore.edu/programs/,✕,〇,✕,✕,✕,✕,✕,✕,39.0209,-84.5677
Ton Duc Thang University,Quận 7,"25,000",4%,2,N/A,60,5.5,N/A,Jul-15,20万円,60万円,N/A,https://www.tdtu.edu.vn/en/academics/undergraduate,〇,〇,✕,✕,✕,✕,✕,✕,10.732,106.6985
Trevecca Nazarene University,Nashville,"1,800",5%,1.43,N/A,79,6.5,110,Rolling,"$32,000","$14,000",N/A,https://trevecca.smartcatalogiq.com/en/2024-2025/university-catalog/courses/,✕,〇,✕,✕,✕,✕,✕,✕,36.1415,-86.7533
Trinity College,Hartford,"2,204",7%,3.42,17.03,100,7,130,Jan-15,"$74,000","$20,000","$67,000",https://www.trincoll.edu/academics/majors-and-minors/,✕,✕,〇,✕,✕,△,✕,〇,41.7472,-72.6901
Trinity University,San Antonio,"2,500",5%,3.86,13.63,N/A,N/A,N/A,Feb-01,"$57,000","$16,000","$32,000",https://cosb.trinity.edu/content.php?catoid=6&navoid=121,✕,✕,〇,✕,✕,△,✕,✕,29.4617,-98.4835
Tufts University,Medford,"7,100",13%,8.7,15.99,100,7,130,Jan-05,"$74,000","$20,000","$81,000",https://enroll.tufts.edu/search/publicCourseAdvancedSearch.do?method=load,✕,✕,〇,✕,✕,✕,✕,〇,29.4617,-98.4835
Tulane University,New Orleans,"7,300",11%,7.13,6.35,95,6.5,130,Jan-15,"$69,000","$19,000","$50,000",https://catalog.tulane.edu/courses/,〇,〇,〇,✕,✕,✕,✕,✕,29.9412,-90.1201
UBI Business School,Bruxelles,"11,000",35%,13.7,N/A,72,6.5,N/A,Feb-09,"€12,000","€14,000",N/A,https://ubi.edu/programmes/,✕,〇,✕,✕,✕,✕,✕,✕,50.8863,4.36
Umea University,Västerbottens län,"41,000",19%,2.4,N/A,N/A,N/A,N/A,Jan-15,"€9,000","€10,000",N/A,https://www.umu.se/en/education/,✕,〇,✕,✕,✕,✕,✕,✕,63.8202,20.3147
Union College - New York,Schenectady,"1,100",8%,2.28,6.11,90,7,125,Jan-15,"$72,000","$18,000","$58,000",https://www.union.edu/academic/majors-minors,✕,✕,〇,✕,✕,〇,✕,〇,42.8176,-73.9284
UNIST Ulsan National Institute of Technology,Ulsan,"4,300",4%,6.67,N/A,N/A,N/A,N/A,Feb-03,80万円,120万円,N/A,https://www.unist.ac.kr/academics/,〇,✕,✕,〇,✕,✕,✕,✕,35.5737,129.1897
United Arab Emirates University,Al Ain,"16,000",15%,1.54,N/A,80,N/A,N/A,May-01,290万円,180万円,N/A,https://www.uaeu.ac.ae/en/catalog/courses/,✕,〇,✕,✕,✕,✕,✕,✕,24.1803,55.6701
University College London / UCL,Greater London,"25,000",25%,4,N/A,92,6.5,N/A,Jan-28,"£30,000～40,000","£15,000",N/A,https://www.ucl.ac.uk/prospective-students/undergraduate/degrees,〇,〇,✕,〇,〇,✕,✕,✕,51.5242,-0.133
University College Dublin,Dublin,"38,000",20%,5,N/A,90,6.5,120,,"€20,000～40,000","€10,000～15,000",N/A,https://hub.ucd.ie/usis/!W_HU_MENU.P_PUBLISH?p_tag=COURSES,✕,〇,✕,✕,✕,✕,✕,✕,53.3069,-6.2246
University of Alberta,Edmonton,"38,000",20%,1.72,N/A,90,6.5,120,Feb-01,"$25,000～58,000","$12,000",N/A,https://apps.ualberta.ca/catalogue,✕,〇,✕,✕,✕,✕,✕,✕,53.5268,-113.5245
University of Arkansas,Fayetteville,"29,000",4%,1.28,5.77,79,6.5,110,Feb-01,"$31,000","$15,000","$15,000",https://catalog.uark.edu/undergraduatecatalog/coursesofinstruction/,✕,〇,✕,✕,✕,✕,✕,✕,36.097,-94.1703
University of Calgary,Calgary,"26,000",10%,1.81,N/A,86,6.5,120,Mar-01,"$22,000～58,000","$12,000",N/A,https://calendar.ucalgary.ca/courses,✕,〇,✕,✕,✕,✕,✕,✕,51.0751,-114.13
University of Camerino,Provincia di Macerata,"8,000",9%,5,N/A,N/A,N/A,N/A,Rolling,"€5,500","€10,000",N/A,https://international.unicam.it/courses,✕,〇,✕,✕,✕,✕,✕,✕,43.1396,13.0672
University of Campania Luigi Vanvitelli,Caserta,"24,000",8%,6.82,N/A,N/A,N/A,N/A,Rolling,"€3,000～9,000","€10,000",N/A,https://international.unicampania.it/index.php/en/teaching/degree-programmes,✕,〇,✕,✕,✕,✕,✕,✕,40.9686,14.2086
University of Chicago,Chicago,"7,500",17%,21.91,N/A,N/A,N/A,N/A,Jan-05,"$74,000","$21,000","$66,000",https://www.uchicago.edu/education-and-research/undergraduate-programs,〇,〇,〇,〇,〇,✕,✕,〇,41.7914,-87.6008
University of Cincinnati,Cincinnati,"12,000",6%,1.14,1.27,80,6.5,N/A,Nov-01,"$30,000","$16,000","$14,000",https://webapps2.uc.edu/ecurriculum/degreeprograms/list?_gl=1*soc7ce*_ga*MTQ0MjYwNzY2LjE3NTUzNTAyMTc.*_ga_7H1FCKXZ4Y*czE3NTc1OTk1NzQkbzMkZzEkdDE3NTc1OTk2MDEkajMzJGwwJGgw*_ga_LSJTQ7TZ38*czE3NTc1OTk1NzQkbzMkZzEkdDE3NTc1OTk1OTkkajM1JGwwJGgw*_ga_CWY9357HWN*czE3NTc1OTk1NzQkbzMkZzEkdDE3NTc1OTk1OTkkajM1JGwwJGgw,✕,〇,✕,✕,✕,✕,✕,✕,39.1294,-84.5205
University of Connecticut,Capitol Planning Region,"20,000",8%,1.91,N/A,79,6.5,110,Jan-15,"$44,000","$15,000","$17,000",https://tme.uconn.edu/explore-majors/profiles/,〇,✕,✕,✕,✕,✕,✕,✕,41.8111,-72.2484
University of Eastern Finland,Kuopio,"15,000",20%,4.76,N/A,78,6,N/A,Jan-21,"€8,000","€10,000",N/A,https://www.uef.fi/en/international-bachelors-degree-programmes,✕,〇,✕,✕,✕,✕,✕,✕,62.6044,29.7422
University of Hartford,West Hartford,"4,100",6%,1.2,N/A,80,6.5,110,Dec-15,"$49,000","$15,000",N/A,https://www.hartford.edu/programs-of-study/,✕,〇,✕,✕,✕,✕,✕,✕,41.8003,-72.7141
University of Health Sciences and Pharmacy in St. Louis,St. Louis,260,5%,1.09,N/A,6.5,80,105,Rolling,"$33,000","$9,000",N/A,https://www.uhsp.edu/academics/undergraduate-programs/,〇,〇,✕,✕,✕,✕,✕,✕,38.6371,-90.261
University of Indianapolis,Indianapolis,"4,000",6%,1.4,N/A,60,5.5,90,Rolling,"$38,000","$17,000",N/A,https://www.uindy.edu/majors/bachelors-degree-programs,✕,〇,✕,✕,✕,✕,✕,✕,39.7094,-86.1345
University of International Studies of Rome,Roma,"1,300",5%,1.23,N/A,N/A,N/A,N/A,Rolling,"€5,400～6,900","€12,000",N/A,https://www.unint.eu/en/didactics/,✕,〇,✕,✕,✕,✕,✕,✕,,
University of Kentucky,Lexington,"25,000",4%,1.08,1.07,71,6,105,Dec-01,"$37,000","$18,000","$21,000",https://academics.uky.edu/,〇,〇,✕,✕,✕,✕,✕,✕,38.0266,-84.5047
University of Lapland,Rovaniemi,"4,000",10%,1.67,N/A,92,6.5,N/A,Jan-22,"€8,000","€10,000",N/A,https://ulapland.fi/en/faculties-and-units/,✕,〇,✕,✕,✕,✕,✕,✕,66.4857,25.7181
University of Maryland College Park,College Park,"31,000",20%,2.23,N/A,78,6,N/A,Jan-21,"$42,000","$16,000",N/A,https://academiccatalog.umd.edu/undergraduate/programs/,〇,〇,✕,✕,✕,✕,✕,✕,38.9904,-76.9439
University of Miami,Coral Gables,"13,000",14%,5.29,9.68,80,6.5,125,Jan-05,"$66,000","$25,000","$45,000","https://admissions.miami.edu/undergraduate/academics/majors-by-school-or-college/index.html#:~:text=The%20University%20of%20Miami%20offers%20more%20than%20100,list%20of%20our%20undergraduate%20academic%20programs%2C%20including%20minors.",〇,〇,〇,✕,✕,✕,✕,〇,25.7173,-80.2787
University of Michigan-Flint,Flint,"5,000",3%,1.42,2.13,61,6,100,Dec-01,"$28,000","$13,000","$6,000",https://www.umflint.edu/academic-programs/,〇,〇,✕,✕,✕,✕,✕,✕,43.019,-83.689
University of Milan,Milano,"60,000",21%,2.5,N/A,N/A,N/A,N/A,Jan-22,€800,"€12,000",N/A,https://www.unimi.it/en/education/undergraduate-programmes,✕,〇,✕,✕,✕,✕,✕,✕,45.4799,9.2282
University of Mount Saint Vincent,Bronx County,"2,400",2%,,N/A,80,6.5,N/A,Feb-15,"$46,000","$17,000",N/A,https://mountsaintvincent.edu/academics/undergraduate-college/areas-of-study/,〇,✕,✕,✕,✕,✕,✕,✕,40.9129,-73.907
University of Nebraska at Kearney,Kearney,"4,200",4%,1.12,2.19,530,5.5,100,Dec-01,"$10,000","$13,000","$5,000",https://www.unk.edu/academics/list-of-majors.php,〇,〇,✕,✕,✕,✕,✕,✕,40.699,-99.1104
University of New Mexico,Albuquerque,"18,000",5%,1.26,3.16,79,6.5,105,Rolling,"$37,000","$12,000",N/A,https://www.unm.edu/academics/,✕,〇,✕,✕,✕,✕,✕,✕,35.0866,-106.6202
University of Notre Dame,Notre Dame,"8,900",11%,8.87,14.98,100,7.5,125,Jan-02,"$68,000","$19,000","$63,000",https://www.nd.edu/academics/programs/,〇,〇,〇,〇,✕,✕,✕,〇,41.7046,-86.2382
University of Oregon,Eugene,"20,000",6%,1.13,N/A,80,6.5,110,Nov-01,"$46,000","$18,000","$16,000",https://admissions.uoregon.edu/majors,〇,✕,✕,✕,✕,✕,✕,✕,44.0444,-123.0718
University of Oulu,Oulu,"15,000",32%,5,N/A,78,6,N/A,Jan-22,"€8,000","€10,000",N/A,https://www.oulu.fi/en/apply/international-programmes,✕,〇,✕,✕,✕,✕,✕,✕,65.0593,25.4674
University of Padua,Padova,"72,000",4%,2.5,N/A,80,6,N/A,Rolling,"€3,000","€8,000",N/A,https://www.unipd.it/en/english-degrees,✕,〇,✕,✕,✕,✕,✕,✕,45.4066,11.8774
University of Palermo,Palermo,"20,000",7%,1.67,N/A,N/A,N/A,N/A,Rolling,"€2,000～5,000","€8,000",N/A,https://www.unipa.it/mobilita/en/new-students/degree-programmes/index.html,✕,〇,✕,✕,✕,✕,✕,✕,38.1176,13.3702
University of Pennsylvania,Philadelphia,"10,000",20%,18.52,35.82,100,7,N/A,Jan-05,"$72,000","$14,000","$76,000",https://admissions.upenn.edu/academics/exploring-academics/majors-minors,✕,✕,〇,〇,〇,✕,✕,〇,39.9504,-75.1947
University of Perugia,Perugia,"23,000",5%,2,N/A,N/A,N/A,N/A,Rolling,€800,"€10,000",N/A,https://www.unipg.it/en/courses/bachelor-master-degrees,✕,〇,✕,✕,✕,✕,✕,✕,43.1163,12.3864
University of Pisa,Pisa,"50,000",6%,2.56,N/A,N/A,N/A,N/A,Rolling,€800,"€12,000",N/A,https://www.unipi.it/en/international-students/programmes-taught-in-english/,✕,〇,✕,✕,✕,✕,✕,✕,43.7169,10.3988
University of Pittsburgh,Pittsburgh,"12,000",8%,1.72,N/A,100,7,125,Dec-01,"$43,000","$21,000",N/A,https://admissions.pitt.edu/majors/,〇,〇,✕,✕,✕,✕,✕,✕,40.4442,-79.9625
University of Puget Sound,Tacoma,"1,600",1%,1.38,3.46,80,6.5,105,Nov-01,"$66,000","$17,000","$37,000",https://www.pugetsound.edu/academics/academic-programs/academic-programs-list,〇,✕,✕,✕,✕,✕,✕,✕,47.2614,-122.481
University of Rhode Island,South Kingstown,"14,000",3%,1.38,1.48,79,6.5,N/A,Dec-01,"$37,000","$15,000","$24,000",https://www.uri.edu/programs/undergraduate-majors/,✕,✕,〇,✕,✕,✕,✕,✕,41.4875,-71.5343
University of Richmond,Richmond,"3,000",10%,4.51,11.63,100,7.5,135,Jan-01,"$68,000","$18,000","$67,000",https://www.richmond.edu/academics/majors/,〇,〇,〇,✕,✕,△,✕,〇,37.5759,-77.5413
University of Rochester,Rochester,"6,600",25%,2.5,5.37,100,7.5,130,Jan-05,"$71,000","$21,000","$42,000",https://admissions.rochester.edu/academics/majors-and-minors/,✕,〇,〇,✕,✕,✕,✕,〇,43.1299,-77.6288
University of Saint Francis,Fort Wayne,"1,300",2%,1.56,N/A,79,6,105,Rolling,"$37,000","$13,000",N/A,https://catalog.sf.edu/content.php?catoid=12&navoid=316,✕,〇,✕,✕,✕,✕,✕,✕,41.0869,-85.179
University of Saint Mary,Leavenworth,"1,000",1%,1.11,N/A,80,6.5,105,Rolling,"$37,000","$10,000",N/A,https://www.stmary.edu/undergraduateprograms,✕,〇,✕,✕,✕,✕,✕,✕,39.2779,-94.9045
University of South Carolina,Columbia,"30,000",5%,1.66,1.53,80,6.5,120,Nov-15,"$37,000","$16,000","$24,000",https://sc.edu/study/majors_and_degrees/index.php,〇,〇,✕,✕,✕,✕,✕,✕,33.9929,-81.0269
University of South Denmark,Odense,"4,000",6%,2.86,N/A,N/A,N/A,N/A,Rolling,"€8,000","€12,000",N/A,https://www.sdu.dk/en/uddannelse/bachelor,✕,〇,✕,✕,✕,✕,✕,✕,55.3679,10.4281
University of South Florida,Tampa,"39,000",27%,2.32,1.11,N/A,N/A,N/A,Nov-01,"$17,000","$14,000","$10,000",https://catalog.usf.edu/content.php?catoid=23&navoid=3958,✕,〇,✕,✕,✕,✕,✕,✕,28.06,-82.4138
University of Southern Mississippi,Hattiesburg,"10,000",2%,1.01,N/A,71,6,110,Mar-01,"$12,000","$12,000","$13,000",https://www.usm.edu/undergraduate-programs/index.php,✕,〇,✕,✕,✕,✕,✕,✕,31.3286,-89.3367
University of St. Andrews,St. Andrews,"10,000",16%,12.5,N/A,N/A,N/A,N/A,Jan-28,"£20,000～34,000","£12,000",N/A,https://www.st-andrews.ac.uk/study/undergraduate/degree-routes/,✕,〇,✕,✕,✕,✕,✕,✕,56.3398,-2.8118
University of St. Thomas (Texas),Houston,"1,600",6%,1.08,N/A,79,6,105,Rolling,"$36,000","$12,000",N/A,https://catalog.stthom.edu/degrees,✕,✕,〇,✕,✕,✕,✕,✕,29.7368,-95.3942
University of Technology Sydney,Ultimo,"36,000",25%,5.26,N/A,102,7.5,N/A,Rolling,"$20,000～24,000","$15,000",N/A,https://www.uts.edu.au/courses,✕,〇,✕,✕,✕,✕,✕,✕,-33.8833,151.2003
University of the Ozarks,Clarksville,760,1%,1.72,N/A,78,6,100,Rolling,"$26,000","$10,000",N/A,https://ozarks.edu/academics/degrees-and-programs/,✕,〇,✕,✕,✕,✕,✕,✕,35.4786,-93.4656
University of Toronto,Toronto,"100,000",24%,2.33,N/A,89,6.5,120,Nov-07,"$60,000～75,000","$15,000",N/A,https://www.utoronto.ca/academics/undergraduate-programs,〇,✕,✕,✕,✕,✕,✕,✕,43.6635,-79.3978
University of Turku,Turku,"8,200",10%,5.56,N/A,N/A,N/A,N/A,Jan-22,"€8,000","€12,000",N/A,https://www.utu.fi/en/study-at-utu/bachelors-and-masters-degree-programmes,✕,〇,✕,✕,✕,✕,✕,✕,60.4561,22.2864
University of Turin,Torino,"80,000",8%,6.67,N/A,N/A,N/A,N/A,Sept-08,"€1,000","€10,000",N/A,https://en.unito.it/studying-unito/programs/degree-programs,✕,〇,✕,✕,✕,✕,✕,✕,45.0691,7.6899
University of Warwick,Coventry,"30,000",15%,7.15,N/A,87,6,110,Jan-28,"£24,000～34,000","£12,000",N/A,https://warwick.ac.uk/study/undergraduate/courses,✕,〇,✕,✕,✕,✕,✕,✕,52.3813,-1.564
University of Waterloo,Waterloo,"30,000",22%,1.89,N/A,90,6.5,120,Feb-01,"$53,000～74,000","$12,000",N/A,https://uwaterloo.ca/future-students/programs,✕,〇,✕,✕,✕,✕,✕,✕,43.4702,-80.5452
University of Wisconsin River Falls,River Falls,"5,400",3%,1.22,N/A,N/A,N/A,N/A,Rolling,"$18,000","$9,000",N/A,https://www.uwrf.edu/programs,✕,〇,✕,✕,✕,✕,✕,✕,44.8481,-92.6194
University of Wisconsin-Madison,Madison,"39,000",13%,2.21,N/A,80,6.5,115,Jan-15,"$44,000","$15,000",N/A,https://www.wisc.edu/academics/majors/,〇,〇,✕,✕,✕,✕,✕,✕,43.0803,-89.431
University of Sydney,Sydney,"70,000",46%,3.23,N/A,N/A,6.5,N/A,Rolling,"$50,000～65,000","$15,000",N/A,https://www.sydney.edu.au/study/study-options/undergraduate-courses/majors-and-minors.html,✕,〇,✕,✕,✕,✕,✕,✕,-33.8889,151.1894
University of Southern California,Riverside,"20,000",10%,9.99,N/A,100,7,N/A,Dec-01,"$68,000","$20,000","$26,000",https://www.usc.edu/majors-minors/,✕,〇,✕,✕,✕,✕,✕,✕,34.0219,-118.2859
Vanderbilt University,Nashville,"7,200",11%,17.06,23.04,N/A,N/A,N/A,Jan-01,"$71,000","$23,000","$80,000",https://admissions.vanderbilt.edu/major/,〇,〇,〇,〇,〇,✕,✕,〇,36.1438,-86.8028
VanderCook College of Music,Chicago,100,14%,1.04,N/A,90,N/A,N/A,Dec-01,"$32,000","$16,000",N/A,https://www.vandercook.edu/undergraduate-program/,✕,〇,✕,✕,✕,✕,✕,✕,41.8368,-87.6292
Vassar College,Poughkeepsie,"2,500",9%,5.39,24.67,N/A,N/A,N/A,Jan-01,"$74,000","$19,000","$81,000",https://www.vassar.edu/academics/majors,✕,✕,〇,〇,〇,〇,✕,〇,41.6855,-73.8935
Villanova University,Villanova,"6,700",4%,3.71,5.88,80,6.5,110,Jan-15,"$71,000","$19,000","$72,000",https://www1.villanova.edu/university/programs.html,〇,〇,〇,✕,✕,✕,✕,✕,40.0368,-75.342
Vin University,Gia Lâm,"35,000",6%,5.56,N/A,N/A,N/A,N/A,Aug-15,"$35,000","$5,000",N/A,https://vinuni.edu.vn/academics/home/,✕,〇,✕,✕,✕,✕,✕,✕,20.9886,105.946
Virginia Tech,Blacksburg,"20,000",9%,1.82,1.51,80,6.5,115,Nov-01,"$39,000","$17,000",N/A,https://www.vt.edu/academics/majors.html,〇,✕,✕,✕,✕,✕,✕,✕,37.2219,-80.4273
Virginia Wesleyan University,Virginia Beach,"1,600",1%,1.41,N/A,N/A,N/A,N/A,Feb-13,"$40,000","$12,000",N/A,https://www.vwu.edu/academics/majors/,✕,〇,〇,✕,✕,△,✕,✕,36.868,-76.1877
Wabash College,Crawfordsville,860,5%,1.58,2.74,85,6.5,115,Jan-15,"$52,000","$15,000","$45,000",https://www.wabash.edu/academics/,✕,〇,✕,✕,✕,△,✕,✕,40.0368,-86.9073
Wake Forest University,Winston-Salem,"5,490",10%,4.62,N/A,80,6.5,115,Jan-01,"$70,000","$22,000","$12,000",https://admissions.wfu.edu/academics/majors-minors/,〇,〇,✕,✕,✕,✕,✕,✕,36.1339,-80.2756
Warren Wilson University,Swannanoa,620,3%,1.29,N/A,79,6.5,100,Rolling,"$27,000","$14,000",N/A,https://www.warren-wilson.edu/academics/programs/,✕,〇,✕,✕,✕,✕,✕,✕,35.6134,-82.4407
Wartburg College,Waverly,"1,500",7%,1.01,N/A,80,6,105,Mar-15,"$27,000","$11,000",N/A,https://www.wartburg.edu/academics/,✕,〇,✕,✕,✕,△,✕,✕,42.7311,-92.4857
Washington and Lee University,Lexington,"1,800",5%,7.16,52.6,105,7.5,135,Jan-01,"$68,000","$19,000","$83,000",https://www.wlu.edu/academics/,〇,〇,〇,〇,✕,△,✕,〇,37.793,-79.4477
Washington College,Chestertown,900,76%,1.34,N/A,90,6.5,115,Dec-01,"$57,000","$18,000",N/A,https://www.washcoll.edu/academics/index.php,〇,〇,✕,✕,✕,△,✕,✕,39.2184,-76.0693
Washington University in St. Louis,St. Louis,"8,200",21%,8.36,16.89,90,6.5,125,Jan-02,"$66,000","$22,000","$64,000",https://admissions.washu.edu/academics/majors-programs/,✕,〇,〇,✕,〇,✕,✕,〇,38.6472,-90.3084
Wellesley College,Wellesley,"2,400",14%,7.12,24.63,N/A,N/A,N/A,Jan-08,"$70,000","$22,000","$88,000",https://www.wellesley.edu/programs-of-study,✕,✕,〇,〇,〇,〇,✕,〇,42.2918,-71.3033
Wesleyan University,Middletown,"3,000",15%,6.93,N/A,100,7.5,130,Jan-01,"$67,000","$19,000","$83,000",https://catalog.wesleyan.edu/majors/,〇,✕,〇,〇,〇,△,✕,〇,41.5559,-72.656
Westminster College Missouri,Fulton,600,2%,1.28,N/A,80,6,95,Rolling,"$36,000","$13,000",N/A,https://www.wcmo.edu/academics/programs/index.html,✕,〇,✕,✕,✕,✕,✕,✕,38.8489,-91.9568
Westminster University,Salt Lake City,840,1%,1.5,16.88,78,8,N/A,Feb-02,"$45,000","$15,000","$31,000",https://westminsteru.edu/academics/programs/index.html,✕,✕,〇,✕,✕,✕,✕,✕,40.7313,-111.8556
Whitman College,Walla Walla,"1,600",11%,2.62,13.19,85,7,110,Jan-15,"$67,000","$16,000","$50,000",https://www.whitman.edu/academics/majors-and-programs,✕,✕,✕,✕,✕,△,✕,✕,46.0706,-118.3303
Whitworth University,Spokane,"2,500",3%,1.15,N/A,79,6.5,110,Mar-01,"$56,000","$15,000",N/A,https://www.whitworth.edu/cms/academics/undergraduate-majors-and-programs/,✕,〇,〇,✕,✕,△,✕,✕,47.7542,-117.4179
Widener University,Chester,"2,800",2%,1.19,N/A,N/A,N/A,N/A,Rolling,"$59,000","$17,000",N/A,https://www.widener.edu/academics/undergraduate-programs,✕,✕,〇,✕,✕,✕,✕,✕,39.8606,-75.3566
Willamette University,Salem,"1,600",2%,1.26,N/A,83,6.5,105,Jan-15,"$55,000","$13,000",N/A,https://willamette.edu/academics/all-programs,✕,✕,〇,✕,✕,△,✕,✕,44.9356,-123.0308
William & Mary,Williamsburg,"7,100",6%,2.94,N/A,100,7,N/A,Jan-05,"$52,000","$20,000",N/A,https://www.wm.edu/majorsminors/,〇,✕,✕,✕,✕,✕,✕,✕,37.2691,-76.7221
William Jewell College,Liberty,860,3%,2.94,N/A,79,6,110,Rolling,"$20,000","$12,000",N/A,https://www.jewell.edu/majors,✕,✕,〇,✕,✕,△,✕,✕,39.2514,-94.4112
William Woods University,Fulton,"1,100",3%,1.35,N/A,61,5,85,Rolling,"$31,000","$12,000",N/A,https://www.williamwoods.edu/catalog/undergraduate/degree_programs.aspx,〇,✕,✕,✕,✕,△,✕,✕,38.8629,-91.9488
Williams College,Williamstown,"2,000",9%,12.12,N/A,N/A,N/A,N/A,Jan-05,"$73,000","$18,000","$89,000",https://www.williams.edu/academics/areas-of-study/,✕,✕,〇,〇,〇,△,✕,〇,42.713,-73.203
Wilmington College,Wilmington,"1,000",1%,1.18,N/A,N/A,N/A,N/A,Rolling,"$34,000","$15,000",N/A,https://catalog.wilmington.edu/20242025-undergraduate-catalog/majors-and-minors,✕,〇,✕,✕,✕,△,✕,✕,39.4417,-83.8173
Winston-Salem State University,Winston-Salem,"4,300",2%,1.4,N/A,N/A,N/A,N/A,Rolling,"$15,000","$11,000",N/A,https://www.wssu.edu/admissions/programs/index.html,✕,〇,✕,✕,✕,✕,✕,✕,36.0895,-80.224
Wittenberg University,Springfield,"1,300",1%,1.1,2.5,79,6.5,110,Jan-08,"$46,000","$13,000","$33,000",https://www.wittenberg.edu/academics/majors-minors,✕,✕,〇,✕,✕,△,✕,✕,39.9351,-83.8131
Wofford College,Spartanburg,"1,900",2%,1.67,N/A,90,7,115,Jan-15,"$60,000","$17,000",N/A,https://www.wofford.edu/academics/majors-and-programs,✕,〇,✕,✕,✕,△,✕,✕,34.9612,-81.9353
Worcester Polytechnic Institute,Worcester,"5,400",15%,1.71,2.2,84,6.5,115,Feb-01,"$60,000","$18,000","$23,000",https://www.wpi.edu/academics/study,✕,〇,〇,✕,✕,✕,✕,✕,42.2743,-71.8085
Wyoming Catholic College,Lander,200,1%,N/A,N/A,N/A,N/A,N/A,Feb-15,"$30,000","$11,000",N/A,https://wyomingcatholic.edu/academics/,✕,〇,✕,✕,✕,✕,✕,✕,41.0869,-108.7157
Yale University,New Haven,"6,700",21%,25.82,N/A,100,7,120,Jan-02,"$70,000","$21,000","$84,000",https://admissions.yale.edu/majors-and-academic-programs,✕,✕,〇,〇,〇,✕,✕,〇,41.2571,-72.9897
Yonsei University,Seoul,"27,000",1%,5.56,N/A,N/A,N/A,N/A,Sept-22,120万円,150万円,N/A,https://www.yonsei.ac.kr/en_sc/1849/subview.do,✕,〇,〇,✕,✕,✕,✕,✕,37.5678,126.9394
York University,Toronto,"52,000",30%,3.73,N/A,88,6.5,120,Feb-18,"$34,000～44,000","$15,000",N/A,https://futurestudents.yorku.ca/majors-minors,✕,〇,✕,✕,✕,✕,✕,✕,43.7739,-79.4988
The Apprentice School,Newport News,100,1%,N/A,N/A,N/A,N/A,N/A,Jun-01,$0,"$13,000",N/A,https://www.as.edu/,〇,〇,✕,✕,✕,✕,✕,✕,36.9816,-76.4335
Barclay College,Haviland,160,1%,N/A,N/A,N/A,N/A,N/A,Aug-18,$0,"$13,000",N/A,https://www.barclaycollege.edu/Academics/,〇,〇,✕,✕,✕,✕,✕,✕,37.6208,-99.105
College of the Ozarks,Point Lookout,"1,400",1%,6.67,N/A,79,5.5,N/A,Dec-31,$0,"$13,000",N/A,https://www.cofo.edu/Academics/Majors-Minors,〇,〇,✕,✕,✕,✕,✕,✕,36.618,-93.2365
Williamson College of the Trades,Philadelphia,300,1%,N/A,N/A,N/A,N/A,N/A,Jan-01,$0,$0,N/A,https://williamson.edu/,〇,〇,✕,✕,✕,✕,✕,✕,39.9063,-75.4248
